timestamp_utc,gpu_name,gpu_memory_total_mib,gpu_memory_used_mib,gpu_utilization_pct,gpu_memory_utilization_pct,gpu_temperature_c,gpu_power_w,ram_total_mib,ram_used_mib,ram_available_mib,load_1m,disk_available_gib
2026-08-28T05:36:44+00:00,NVIDIA H200 NVL,143771,0,0,0,30,72.52,2063872,51330,1626728,1.73,691
2026-08-28T05:37:14+00:00,NVIDIA H200 NVL,143771,0,0,0,30,72.55,2063872,51124,1626931,5.51,691
2026-08-28T05:37:44+00:00,NVIDIA H200 NVL,143771,0,0,0,30,72.53,2063872,51157,1626898,4.70,691
2026-08-28T05:38:14+00:00,NVIDIA H200 NVL,143771,0,0,0,30,72.55,2063872,51270,1626785,15.52,691
2026-08-28T05:38:45+00:00,NVIDIA H200 NVL,143771,0,0,0,30,72.58,2063872,51429,1626626,31.29,691
2026-08-28T05:39:15+00:00,NVIDIA H200 NVL,143771,1241,20,2,33,119.20,2063872,52968,1624830,26.66,691
2026-08-28T05:39:45+00:00,NVIDIA H200 NVL,143771,1241,18,2,34,117.50,2063872,52760,1625037,16.55,691
2026-08-28T05:40:15+00:00,NVIDIA H200 NVL,143771,1243,13,1,34,116.73,2063872,52879,1624915,10.69,691
2026-08-28T05:40:45+00:00,NVIDIA H200 NVL,143771,1245,12,1,34,120.65,2063872,52722,1625074,6.87,691
2026-08-28T05:41:15+00:00,NVIDIA H200 NVL,143771,1245,14,2,35,115.01,2063872,52702,1625093,4.67,691
2026-08-28T05:41:45+00:00,NVIDIA H200 NVL,143771,1249,13,1,35,117.16,2063872,52747,1625048,3.28,691
2026-08-28T05:42:15+00:00,NVIDIA H200 NVL,143771,1249,15,2,35,117.64,2063872,52754,1625042,2.52,691
2026-08-28T05:42:45+00:00,NVIDIA H200 NVL,143771,1331,13,1,35,115.17,2063872,52720,1625075,1.92,691
2026-08-28T05:43:15+00:00,NVIDIA H200 NVL,143771,1331,18,2,35,117.71,2063872,52723,1625072,1.62,691
2026-08-28T05:43:45+00:00,NVIDIA H200 NVL,143771,1331,12,1,35,116.08,2063872,52706,1625090,1.38,691
2026-08-28T05:44:15+00:00,NVIDIA H200 NVL,143771,1331,15,2,35,117.60,2063872,52778,1625016,1.28,691
2026-08-28T05:44:45+00:00,NVIDIA H200 NVL,143771,1331,13,1,35,113.50,2063872,52644,1625159,8.61,691
2026-08-28T05:45:15+00:00,NVIDIA H200 NVL,143771,907,44,1,35,125.32,2063872,53198,1624605,11.68,691
2026-08-28T05:45:45+00:00,NVIDIA H200 NVL,143771,907,35,1,35,124.68,2063872,53059,1624743,7.47,691
2026-08-28T05:46:16+00:00,NVIDIA H200 NVL,143771,907,44,1,36,126.33,2063872,53057,1624745,4.98,691
2026-08-28T05:46:46+00:00,NVIDIA H200 NVL,143771,907,44,1,36,127.07,2063872,53070,1624732,3.41,691
2026-08-28T05:47:16+00:00,NVIDIA H200 NVL,143771,889,0,0,34,98.57,2063872,52972,1624830,2.46,691
2026-08-28T05:47:46+00:00,NVIDIA H200 NVL,143771,889,0,0,33,98.11,2063872,52816,1624985,7.32,691
2026-08-28T05:48:16+00:00,NVIDIA H200 NVL,143771,889,0,0,33,97.81,2063872,52808,1624993,5.00,691
2026-08-28T05:48:46+00:00,NVIDIA H200 NVL,143771,889,0,0,33,97.66,2063872,52808,1624994,3.79,691
2026-08-28T05:49:16+00:00,NVIDIA H200 NVL,143771,889,0,0,33,97.62,2063872,52812,1624989,2.76,691
2026-08-28T05:49:46+00:00,NVIDIA H200 NVL,143771,889,19,0,34,115.15,2063872,53450,1624351,2.14,691
2026-08-28T05:50:16+00:00,NVIDIA H200 NVL,143771,891,20,0,34,116.89,2063872,53155,1624643,2.13,691
2026-08-28T05:50:46+00:00,NVIDIA H200 NVL,143771,889,0,0,33,98.15,2063872,52961,1624839,1.68,691
2026-08-28T05:51:16+00:00,NVIDIA H200 NVL,143771,889,0,0,33,97.86,2063872,52738,1625062,1.41,691
2026-08-28T05:51:46+00:00,NVIDIA H200 NVL,143771,889,0,0,33,97.68,2063872,52730,1625070,1.44,691
2026-08-28T05:52:16+00:00,NVIDIA H200 NVL,143771,889,0,0,33,97.71,2063872,52741,1625059,1.26,691
2026-08-28T05:52:46+00:00,NVIDIA H200 NVL,143771,889,0,0,33,97.73,2063872,52393,1625406,1.45,691
2026-08-28T05:53:16+00:00,NVIDIA H200 NVL,143771,889,0,0,33,97.67,2063872,52394,1625405,1.81,691
2026-08-28T05:53:47+00:00,NVIDIA H200 NVL,143771,889,0,0,33,97.83,2063872,52393,1625406,5.56,691
2026-08-28T05:54:17+00:00,NVIDIA H200 NVL,143771,1297,20,2,34,120.20,2063872,52797,1624930,4.14,691
2026-08-28T05:54:47+00:00,NVIDIA H200 NVL,143771,1299,19,2,35,122.81,2063872,52717,1625009,2.90,691
2026-08-28T05:55:17+00:00,NVIDIA H200 NVL,143771,1301,14,1,35,118.73,2063872,52706,1625021,2.15,691
2026-08-28T05:55:47+00:00,NVIDIA H200 NVL,143771,1301,10,1,35,118.29,2063872,52703,1625024,1.70,691
2026-08-28T05:56:17+00:00,NVIDIA H200 NVL,143771,1383,12,1,35,116.32,2063872,52687,1625039,1.54,691
2026-08-28T05:56:47+00:00,NVIDIA H200 NVL,143771,1383,16,2,35,116.13,2063872,52687,1625040,1.32,691
2026-08-28T05:57:17+00:00,NVIDIA H200 NVL,143771,1305,21,2,35,118.19,2063872,52669,1625057,1.50,691
2026-08-28T05:57:47+00:00,NVIDIA H200 NVL,143771,907,43,1,36,123.81,2063872,52680,1625046,1.35,691
2026-08-28T05:58:17+00:00,NVIDIA H200 NVL,143771,907,0,0,35,114.61,2063872,52721,1625005,1.53,691
2026-08-28T05:58:47+00:00,NVIDIA H200 NVL,143771,907,41,1,36,124.65,2063872,52621,1625105,1.32,691
2026-08-28T05:59:17+00:00,NVIDIA H200 NVL,143771,907,0,0,34,98.13,2063872,52645,1625081,1.19,691
2026-08-28T05:59:47+00:00,NVIDIA H200 NVL,143771,889,20,0,34,115.08,2063872,52857,1624869,1.11,691
2026-08-28T06:00:18+00:00,NVIDIA H200 NVL,143771,889,19,0,34,115.51,2063872,52832,1624891,1.32,691
2026-08-28T06:00:48+00:00,NVIDIA H200 NVL,143771,891,0,0,34,98.18,2063872,52707,1625018,1.20,691
2026-08-28T06:01:18+00:00,NVIDIA H200 NVL,143771,891,0,0,33,98.19,2063872,52684,1625040,1.20,691
2026-08-28T06:01:48+00:00,NVIDIA H200 NVL,143771,891,0,0,33,97.95,2063872,52473,1625251,1.86,691
2026-08-28T06:02:18+00:00,NVIDIA H200 NVL,143771,889,0,0,34,98.52,2063872,52574,1625113,1.52,691
2026-08-28T06:02:48+00:00,NVIDIA H200 NVL,143771,889,19,0,34,115.04,2063872,52567,1625120,1.71,691
2026-08-28T06:03:18+00:00,NVIDIA H200 NVL,143771,889,0,0,33,98.08,2063872,52576,1625111,1.49,691
2026-08-28T06:03:48+00:00,NVIDIA H200 NVL,143771,1297,24,3,34,124.81,2063872,52610,1625041,2.02,691
2026-08-28T06:04:18+00:00,NVIDIA H200 NVL,143771,907,0,0,34,98.12,2063872,52543,1625108,1.62,691
2026-08-28T06:04:48+00:00,NVIDIA H200 NVL,143771,891,0,0,34,98.19,2063872,52517,1625133,2.33,691
2026-08-28T06:05:18+00:00,NVIDIA H200 NVL,143771,891,0,0,33,98.05,2063872,52444,1625207,2.24,691
2026-08-28T06:05:48+00:00,NVIDIA H200 NVL,143771,1391,23,2,35,125.36,2063872,52631,1624983,2.05,691
2026-08-28T06:06:19+00:00,NVIDIA H200 NVL,143771,1393,0,0,34,98.16,2063872,52555,1625059,1.81,691
2026-08-28T06:06:49+00:00,NVIDIA H200 NVL,143771,1393,0,0,34,98.11,2063872,52561,1625053,1.54,691
2026-08-28T06:07:19+00:00,NVIDIA H200 NVL,143771,1393,0,0,33,97.96,2063872,53559,1624055,2.36,691
2026-08-28T06:07:49+00:00,NVIDIA H200 NVL,143771,1393,0,0,33,98.10,2063872,53507,1624053,2.62,690
2026-08-28T06:08:19+00:00,NVIDIA H200 NVL,143771,1393,0,0,33,97.86,2063872,53452,1624054,3.45,690
2026-08-28T06:08:49+00:00,NVIDIA H200 NVL,143771,1297,14,2,34,116.07,2063872,54870,1622581,4.13,690
2026-08-28T06:09:19+00:00,NVIDIA H200 NVL,143771,1297,15,2,34,117.75,2063872,54727,1622724,3.08,690
2026-08-28T06:09:49+00:00,NVIDIA H200 NVL,143771,1297,11,1,34,117.51,2063872,54697,1622754,2.32,690
2026-08-28T06:10:19+00:00,NVIDIA H200 NVL,143771,1297,12,1,35,112.41,2063872,54610,1622838,5.52,690
2026-08-28T06:10:49+00:00,NVIDIA H200 NVL,143771,907,30,1,35,121.88,2063872,55016,1622433,4.54,690
2026-08-28T06:11:19+00:00,NVIDIA H200 NVL,143771,889,0,0,34,98.07,2063872,54460,1622988,4.98,690
2026-08-28T06:11:49+00:00,NVIDIA H200 NVL,143771,889,0,0,33,98.00,2063872,54058,1623390,3.88,690
2026-08-28T06:12:19+00:00,NVIDIA H200 NVL,143771,889,0,0,33,97.77,2063872,53964,1623484,3.14,690
2026-08-28T06:12:49+00:00,NVIDIA H200 NVL,143771,889,0,0,33,97.77,2063872,53955,1623493,2.50,690
2026-08-28T06:13:19+00:00,NVIDIA H200 NVL,143771,889,0,0,33,97.75,2063872,53967,1623482,8.65,690
2026-08-28T06:13:49+00:00,NVIDIA H200 NVL,143771,889,0,0,33,97.72,2063872,54002,1623446,5.90,690
2026-08-28T06:14:19+00:00,NVIDIA H200 NVL,143771,889,0,0,33,97.67,2063872,53994,1623454,4.17,690
2026-08-28T06:14:49+00:00,NVIDIA H200 NVL,143771,889,0,0,33,97.59,2063872,54000,1623448,3.53,690
2026-08-28T06:15:20+00:00,NVIDIA H200 NVL,143771,889,0,0,33,97.71,2063872,54000,1623448,2.74,690
2026-08-28T06:15:50+00:00,NVIDIA H200 NVL,143771,889,0,0,33,97.80,2063872,54024,1623425,2.13,690
2026-08-28T06:16:20+00:00,NVIDIA H200 NVL,143771,889,0,0,33,97.81,2063872,54034,1623415,1.76,690
2026-08-28T06:16:50+00:00,NVIDIA H200 NVL,143771,889,0,0,33,97.79,2063872,54013,1623435,1.68,690
2026-08-28T06:17:20+00:00,NVIDIA H200 NVL,143771,889,0,0,33,97.65,2063872,54009,1623439,1.82,690
2026-08-28T06:17:50+00:00,NVIDIA H200 NVL,143771,889,20,0,34,115.03,2063872,55181,1622267,1.49,690
2026-08-28T06:18:20+00:00,NVIDIA H200 NVL,143771,887,0,0,33,97.80,2063872,54307,1623139,1.30,690
2026-08-28T06:18:50+00:00,NVIDIA H200 NVL,143771,887,0,0,33,97.68,2063872,54164,1623282,1.43,690
2026-08-28T06:19:20+00:00,NVIDIA H200 NVL,143771,887,0,0,33,97.55,2063872,54062,1623384,1.26,690
2026-08-28T06:19:50+00:00,NVIDIA H200 NVL,143771,887,0,0,33,97.68,2063872,54028,1623418,1.29,690
2026-08-28T06:20:20+00:00,NVIDIA H200 NVL,143771,887,0,0,33,97.81,2063872,54068,1623376,1.44,690
2026-08-28T06:20:50+00:00,NVIDIA H200 NVL,143771,887,0,0,33,97.68,2063872,54029,1623416,1.27,690
2026-08-28T06:21:20+00:00,NVIDIA H200 NVL,143771,887,0,0,33,97.68,2063872,54013,1623432,1.35,690
2026-08-28T06:21:50+00:00,NVIDIA H200 NVL,143771,887,0,0,33,97.78,2063872,54018,1623428,1.29,690
2026-08-28T06:22:20+00:00,NVIDIA H200 NVL,143771,887,0,0,33,97.92,2063872,54023,1623423,1.25,690
2026-08-28T06:22:50+00:00,NVIDIA H200 NVL,143771,887,0,0,33,97.84,2063872,54029,1623416,1.28,690
2026-08-28T06:23:20+00:00,NVIDIA H200 NVL,143771,887,0,0,33,97.56,2063872,54014,1623431,1.17,690
2026-08-28T06:23:50+00:00,NVIDIA H200 NVL,143771,887,0,0,33,97.57,2063872,53973,1623473,1.17,690
2026-08-28T06:24:20+00:00,NVIDIA H200 NVL,143771,887,0,0,33,97.83,2063872,53957,1623489,1.23,690
2026-08-28T06:24:51+00:00,NVIDIA H200 NVL,143771,1275,22,2,34,123.47,2063872,53836,1623608,1.33,690
2026-08-28T06:25:21+00:00,NVIDIA H200 NVL,143771,1275,11,1,34,116.46,2063872,53598,1623846,1.28,690
2026-08-28T06:25:51+00:00,NVIDIA H200 NVL,143771,907,44,1,35,124.30,2063872,53990,1623454,1.28,690
2026-08-28T06:26:21+00:00,NVIDIA H200 NVL,143771,907,0,0,33,98.27,2063872,53540,1623904,1.25,690
2026-08-28T06:26:51+00:00,NVIDIA H200 NVL,143771,907,0,0,33,97.87,2063872,53210,1624233,1.23,690
2026-08-28T06:27:21+00:00,NVIDIA H200 NVL,143771,907,0,0,33,97.88,2063872,53206,1624237,1.19,690
2026-08-28T06:27:51+00:00,NVIDIA H200 NVL,143771,907,0,0,33,97.86,2063872,53208,1624236,1.12,690
2026-08-28T06:28:21+00:00,NVIDIA H200 NVL,143771,907,0,0,33,97.81,2063872,53213,1624231,1.07,690
2026-08-28T06:28:51+00:00,NVIDIA H200 NVL,143771,907,0,0,33,97.77,2063872,53216,1624227,1.04,690
2026-08-28T06:29:21+00:00,NVIDIA H200 NVL,143771,905,20,0,33,115.25,2063872,53909,1623535,1.08,690
2026-08-28T06:29:51+00:00,NVIDIA H200 NVL,143771,905,0,0,33,97.85,2063872,53381,1624062,1.10,690
2026-08-28T06:30:21+00:00,NVIDIA H200 NVL,143771,905,0,0,33,97.67,2063872,53259,1624181,1.26,690
2026-08-28T06:30:51+00:00,NVIDIA H200 NVL,143771,905,0,0,33,97.69,2063872,53224,1624218,1.30,690
2026-08-28T06:31:22+00:00,NVIDIA H200 NVL,143771,905,0,0,33,97.64,2063872,53224,1624218,1.18,690
2026-08-28T06:31:52+00:00,NVIDIA H200 NVL,143771,905,0,0,33,97.66,2063872,53183,1624260,1.18,690
2026-08-28T06:32:22+00:00,NVIDIA H200 NVL,143771,905,0,0,33,97.57,2063872,53208,1624234,1.18,690
2026-08-28T06:32:52+00:00,NVIDIA H200 NVL,143771,1239,13,2,34,130.81,2063872,53836,1623606,1.11,690
2026-08-28T06:33:22+00:00,NVIDIA H200 NVL,143771,1239,0,0,33,97.94,2063872,53737,1623704,1.13,690
2026-08-28T06:33:52+00:00,NVIDIA H200 NVL,143771,1239,0,0,33,97.82,2063872,53238,1624203,6.53,690
2026-08-28T06:34:22+00:00,NVIDIA H200 NVL,143771,1239,0,0,33,97.65,2063872,53130,1624312,4.35,690
2026-08-28T06:34:52+00:00,NVIDIA H200 NVL,143771,1239,0,0,33,97.59,2063872,53138,1624304,3.03,690
2026-08-28T06:35:22+00:00,NVIDIA H200 NVL,143771,1239,0,0,33,97.71,2063872,53136,1624306,2.28,690
2026-08-28T06:35:52+00:00,NVIDIA H200 NVL,143771,1239,0,0,33,98.11,2063872,53551,1623890,1.78,690
2026-08-28T06:36:22+00:00,NVIDIA H200 NVL,143771,1239,0,0,33,97.60,2063872,53285,1624156,1.59,690
2026-08-28T06:36:52+00:00,NVIDIA H200 NVL,143771,1239,0,0,33,97.65,2063872,53113,1624328,1.36,690
2026-08-28T06:37:22+00:00,NVIDIA H200 NVL,143771,1239,0,0,33,97.73,2063872,53098,1624343,1.21,690
2026-08-28T06:37:52+00:00,NVIDIA H200 NVL,143771,1239,0,0,33,97.75,2063872,53091,1624350,1.19,690
2026-08-28T06:38:22+00:00,NVIDIA H200 NVL,143771,1239,0,0,33,97.60,2063872,53081,1624360,1.19,690
2026-08-28T06:38:53+00:00,NVIDIA H200 NVL,143771,1297,17,2,34,120.62,2063872,53719,1623722,1.11,690
2026-08-28T06:39:23+00:00,NVIDIA H200 NVL,143771,907,0,0,34,99.01,2063872,53616,1623824,1.19,690
2026-08-28T06:39:53+00:00,NVIDIA H200 NVL,143771,907,0,0,33,98.11,2063872,53315,1624125,1.11,690
2026-08-28T06:40:23+00:00,NVIDIA H200 NVL,143771,907,0,0,33,97.63,2063872,53163,1624275,1.50,690
2026-08-28T06:40:53+00:00,NVIDIA H200 NVL,143771,907,0,0,33,97.66,2063872,53130,1624310,1.36,690
2026-08-28T06:41:23+00:00,NVIDIA H200 NVL,143771,907,0,0,33,97.61,2063872,53123,1624317,1.39,690
2026-08-28T06:41:53+00:00,NVIDIA H200 NVL,143771,907,0,0,33,97.66,2063872,53113,1624327,1.29,690
2026-08-28T06:42:23+00:00,NVIDIA H200 NVL,143771,907,0,0,33,97.73,2063872,53133,1624307,1.35,690
2026-08-28T06:42:53+00:00,NVIDIA H200 NVL,143771,889,0,0,33,97.81,2063872,53313,1624127,1.27,690
2026-08-28T06:43:23+00:00,NVIDIA H200 NVL,143771,889,0,0,33,97.77,2063872,53127,1624313,1.23,690
2026-08-28T06:43:53+00:00,NVIDIA H200 NVL,143771,889,0,0,33,97.65,2063872,53143,1624297,1.14,690
2026-08-28T06:44:23+00:00,NVIDIA H200 NVL,143771,889,0,0,33,97.49,2063872,53127,1624312,2.03,690
2026-08-28T06:44:53+00:00,NVIDIA H200 NVL,143771,889,0,0,33,97.71,2063872,53135,1624304,1.84,690
2026-08-28T06:45:23+00:00,NVIDIA H200 NVL,143771,889,0,0,33,97.57,2063872,53131,1624309,2.91,690
2026-08-28T06:45:53+00:00,NVIDIA H200 NVL,143771,907,0,0,33,97.77,2063872,53730,1623709,2.78,690
2026-08-28T06:46:23+00:00,NVIDIA H200 NVL,143771,907,0,0,33,97.91,2063872,53455,1623984,2.08,690
2026-08-28T06:46:53+00:00,NVIDIA H200 NVL,143771,907,0,0,33,97.79,2063872,53192,1624246,1.71,690
2026-08-28T06:47:23+00:00,NVIDIA H200 NVL,143771,907,0,0,33,97.51,2063872,53091,1624348,1.50,690
2026-08-28T06:47:53+00:00,NVIDIA H200 NVL,143771,907,0,0,33,97.69,2063872,53077,1624362,1.37,690
2026-08-28T06:48:24+00:00,NVIDIA H200 NVL,143771,907,0,0,33,97.77,2063872,53096,1624343,1.30,690
2026-08-28T06:48:54+00:00,NVIDIA H200 NVL,143771,889,0,0,33,97.60,2063872,53402,1624037,1.18,690
2026-08-28T06:49:24+00:00,NVIDIA H200 NVL,143771,889,0,0,33,97.72,2063872,53225,1624213,1.11,690
2026-08-28T06:49:54+00:00,NVIDIA H200 NVL,143771,889,0,0,33,97.83,2063872,53121,1624318,1.14,690
2026-08-28T06:50:24+00:00,NVIDIA H200 NVL,143771,889,0,0,33,97.51,2063872,53034,1624402,1.27,690
2026-08-28T06:50:54+00:00,NVIDIA H200 NVL,143771,889,0,0,33,97.61,2063872,53054,1624384,1.24,690
2026-08-28T06:51:24+00:00,NVIDIA H200 NVL,143771,889,0,0,33,97.86,2063872,53044,1624394,1.20,690
2026-08-28T06:51:54+00:00,NVIDIA H200 NVL,143771,1223,0,0,33,98.27,2063872,53734,1623704,1.46,690
2026-08-28T06:52:24+00:00,NVIDIA H200 NVL,143771,1223,0,0,33,98.11,2063872,53324,1624113,1.53,690
2026-08-28T06:52:54+00:00,NVIDIA H200 NVL,143771,1223,0,0,33,97.83,2063872,53083,1624355,1.39,690
2026-08-28T06:53:24+00:00,NVIDIA H200 NVL,143771,1223,0,0,33,97.83,2063872,53077,1624361,1.24,690
2026-08-28T06:53:54+00:00,NVIDIA H200 NVL,143771,1223,0,0,33,97.77,2063872,53062,1624376,1.14,690
2026-08-28T06:54:24+00:00,NVIDIA H200 NVL,143771,1223,0,0,33,97.75,2063872,53059,1624379,1.39,690
2026-08-28T06:54:54+00:00,NVIDIA H200 NVL,143771,1223,0,0,33,97.86,2063872,53350,1624087,1.60,690
2026-08-28T06:55:24+00:00,NVIDIA H200 NVL,143771,1223,0,0,33,97.75,2063872,53179,1624258,2.45,690
2026-08-28T06:55:54+00:00,NVIDIA H200 NVL,143771,1223,0,0,33,97.68,2063872,53079,1624358,2.32,690
2026-08-28T06:56:24+00:00,NVIDIA H200 NVL,143771,1223,0,0,33,97.65,2063872,53117,1624320,3.57,690
2026-08-28T06:56:54+00:00,NVIDIA H200 NVL,143771,1223,0,0,33,97.62,2063872,53079,1624358,2.55,690
2026-08-28T06:57:24+00:00,NVIDIA H200 NVL,143771,1223,0,0,33,97.70,2063872,53078,1624359,1.94,690
2026-08-28T06:57:55+00:00,NVIDIA H200 NVL,143771,1275,17,2,34,123.57,2063872,53660,1623776,1.57,690
2026-08-28T06:58:25+00:00,NVIDIA H200 NVL,143771,907,0,0,34,98.16,2063872,53522,1623913,1.68,690
2026-08-28T06:58:55+00:00,NVIDIA H200 NVL,143771,907,0,0,33,98.05,2063872,53282,1624154,1.41,690
2026-08-28T06:59:25+00:00,NVIDIA H200 NVL,143771,907,0,0,33,97.72,2063872,53167,1624269,1.25,690
2026-08-28T06:59:55+00:00,NVIDIA H200 NVL,143771,907,0,0,33,97.72,2063872,53166,1624270,1.21,690
2026-08-28T07:00:25+00:00,NVIDIA H200 NVL,143771,907,0,0,33,97.66,2063872,53169,1624264,1.31,690
2026-08-28T07:00:55+00:00,NVIDIA H200 NVL,143771,907,0,0,33,97.60,2063872,53139,1624296,1.24,690
2026-08-28T07:01:25+00:00,NVIDIA H200 NVL,143771,905,0,0,33,99.89,2063872,53564,1623871,1.14,690
2026-08-28T07:01:55+00:00,NVIDIA H200 NVL,143771,905,0,0,33,97.78,2063872,53235,1624199,1.15,690
2026-08-28T07:02:25+00:00,NVIDIA H200 NVL,143771,905,0,0,33,97.86,2063872,53123,1624311,1.51,690
2026-08-28T07:02:55+00:00,NVIDIA H200 NVL,143771,905,0,0,33,97.81,2063872,53108,1624326,13.54,690
2026-08-28T07:03:25+00:00,NVIDIA H200 NVL,143771,905,0,0,33,97.95,2063872,53124,1624310,8.75,690
2026-08-28T07:03:55+00:00,NVIDIA H200 NVL,143771,905,0,0,34,98.17,2063872,53139,1624295,5.77,690
2026-08-28T07:04:26+00:00,NVIDIA H200 NVL,143771,905,0,0,34,98.51,2063872,53117,1624318,3.89,690
2026-08-28T07:04:56+00:00,NVIDIA H200 NVL,143771,1297,14,1,36,119.51,2063872,53653,1623781,3.10,690
2026-08-28T07:05:26+00:00,NVIDIA H200 NVL,143771,907,0,0,35,98.87,2063872,53937,1623497,2.27,690
2026-08-28T07:05:56+00:00,NVIDIA H200 NVL,143771,907,0,0,35,98.53,2063872,53461,1623973,1.77,690
2026-08-28T07:06:26+00:00,NVIDIA H200 NVL,143771,907,0,0,34,98.42,2063872,53189,1624244,1.53,690
2026-08-28T07:06:56+00:00,NVIDIA H200 NVL,143771,907,0,0,34,98.13,2063872,53167,1624267,1.32,690
2026-08-28T07:07:26+00:00,NVIDIA H200 NVL,143771,907,0,0,34,98.22,2063872,53167,1624267,1.26,690
2026-08-28T07:07:56+00:00,NVIDIA H200 NVL,143771,907,0,0,34,98.13,2063872,53179,1624254,1.30,690
2026-08-28T07:08:26+00:00,NVIDIA H200 NVL,143771,889,20,0,34,114.97,2063872,53861,1623573,8.77,690
2026-08-28T07:08:56+00:00,NVIDIA H200 NVL,143771,889,0,0,34,98.05,2063872,53690,1623743,5.89,690
2026-08-28T07:09:26+00:00,NVIDIA H200 NVL,143771,889,0,0,33,98.10,2063872,53392,1624042,3.97,690
2026-08-28T07:09:56+00:00,NVIDIA H200 NVL,143771,889,0,0,33,98.26,2063872,53192,1624242,2.93,690
2026-08-28T07:10:26+00:00,NVIDIA H200 NVL,143771,889,0,0,33,98.02,2063872,53255,1624176,2.47,690
2026-08-28T07:10:56+00:00,NVIDIA H200 NVL,143771,889,0,0,33,98.00,2063872,53182,1624250,1.99,690
2026-08-28T07:11:26+00:00,NVIDIA H200 NVL,143771,889,0,0,33,98.13,2063872,53193,1624239,1.60,690
2026-08-28T07:11:56+00:00,NVIDIA H200 NVL,143771,1303,14,1,35,120.11,2063872,53263,1624169,1.36,690
2026-08-28T07:12:26+00:00,NVIDIA H200 NVL,143771,1311,24,2,35,116.54,2063872,53114,1624317,1.37,690
2026-08-28T07:12:56+00:00,NVIDIA H200 NVL,143771,1337,22,2,36,115.64,2063872,53110,1624321,1.35,690
2026-08-28T07:13:26+00:00,NVIDIA H200 NVL,143771,1341,23,2,36,121.83,2063872,53123,1624308,1.21,690
2026-08-28T07:13:57+00:00,NVIDIA H200 NVL,143771,1421,27,3,36,117.30,2063872,53145,1624286,1.30,690
2026-08-28T07:14:27+00:00,NVIDIA H200 NVL,143771,1471,21,2,36,120.99,2063872,53085,1624345,1.18,690
2026-08-28T07:14:57+00:00,NVIDIA H200 NVL,143771,1477,24,2,36,122.79,2063872,53078,1624351,1.17,690
2026-08-28T07:15:27+00:00,NVIDIA H200 NVL,143771,907,36,1,36,111.14,2063872,53384,1624045,1.25,690
2026-08-28T07:15:57+00:00,NVIDIA H200 NVL,143771,907,36,1,36,123.10,2063872,53188,1624240,9.63,690
2026-08-28T07:16:27+00:00,NVIDIA H200 NVL,143771,909,36,1,36,121.76,2063872,53048,1624380,6.23,690
2026-08-28T07:16:57+00:00,NVIDIA H200 NVL,143771,909,0,0,35,98.45,2063872,53365,1624062,4.24,690
2026-08-28T07:17:27+00:00,NVIDIA H200 NVL,143771,909,0,0,34,98.15,2063872,53173,1624254,2.96,690
2026-08-28T07:17:57+00:00,NVIDIA H200 NVL,143771,909,0,0,34,98.14,2063872,53087,1624340,2.19,690
2026-08-28T07:18:27+00:00,NVIDIA H200 NVL,143771,909,0,0,34,97.98,2063872,53027,1624400,1.79,690
2026-08-28T07:18:57+00:00,NVIDIA H200 NVL,143771,909,0,0,34,98.01,2063872,53028,1624399,1.48,690
2026-08-28T07:19:27+00:00,NVIDIA H200 NVL,143771,891,19,0,35,114.01,2063872,53274,1624153,1.29,690
2026-08-28T07:19:57+00:00,NVIDIA H200 NVL,143771,895,19,0,35,114.33,2063872,53120,1624291,1.12,690
2026-08-28T07:20:27+00:00,NVIDIA H200 NVL,143771,899,0,0,35,98.63,2063872,53465,1623943,1.31,690
2026-08-28T07:20:57+00:00,NVIDIA H200 NVL,143771,899,0,0,34,98.41,2063872,53039,1624371,1.26,690
2026-08-28T07:21:27+00:00,NVIDIA H200 NVL,143771,899,0,0,34,98.18,2063872,53025,1624385,1.23,690
2026-08-28T07:21:57+00:00,NVIDIA H200 NVL,143771,899,0,0,34,98.15,2063872,53033,1624377,1.14,690
2026-08-28T07:22:27+00:00,NVIDIA H200 NVL,143771,899,0,0,34,98.19,2063872,53018,1624392,1.16,690
2026-08-28T07:22:57+00:00,NVIDIA H200 NVL,143771,1223,12,1,34,111.89,2063872,53662,1623748,1.43,690
2026-08-28T07:23:28+00:00,NVIDIA H200 NVL,143771,1223,11,1,35,114.74,2063872,53456,1623953,1.32,690
2026-08-28T07:23:58+00:00,NVIDIA H200 NVL,143771,1223,11,1,35,116.60,2063872,53332,1624077,6.70,690
2026-08-28T07:24:28+00:00,NVIDIA H200 NVL,143771,1275,12,1,35,116.98,2063872,53268,1624141,4.51,690
2026-08-28T07:24:58+00:00,NVIDIA H200 NVL,143771,1275,12,1,35,111.90,2063872,53279,1624130,5.57,690
2026-08-28T07:25:28+00:00,NVIDIA H200 NVL,143771,1275,23,2,36,121.14,2063872,53298,1624111,3.83,690
2026-08-28T07:25:58+00:00,NVIDIA H200 NVL,143771,1305,11,1,35,116.53,2063872,53307,1624102,2.92,690
2026-08-28T07:26:28+00:00,NVIDIA H200 NVL,143771,1341,11,1,35,118.27,2063872,53341,1624068,2.16,690
2026-08-28T07:26:58+00:00,NVIDIA H200 NVL,143771,1341,13,1,35,116.75,2063872,53326,1624083,1.70,690
2026-08-28T07:27:28+00:00,NVIDIA H200 NVL,143771,1307,11,1,35,117.09,2063872,53380,1624029,1.50,690
2026-08-28T07:27:58+00:00,NVIDIA H200 NVL,143771,1307,12,1,35,118.95,2063872,53387,1624022,1.30,690
2026-08-28T07:28:28+00:00,NVIDIA H200 NVL,143771,1307,35,1,36,123.54,2063872,53721,1623688,1.60,690
2026-08-28T07:28:58+00:00,NVIDIA H200 NVL,143771,907,35,1,36,123.87,2063872,53548,1623861,1.43,690
2026-08-28T07:29:29+00:00,NVIDIA H200 NVL,143771,907,41,1,36,123.96,2063872,53336,1624072,1.31,690
2026-08-28T07:29:59+00:00,NVIDIA H200 NVL,143771,907,42,1,36,123.98,2063872,53328,1624081,1.24,690
2026-08-28T07:30:29+00:00,NVIDIA H200 NVL,143771,907,40,1,36,124.52,2063872,53325,1624081,1.38,690
2026-08-28T07:30:59+00:00,NVIDIA H200 NVL,143771,907,0,0,34,98.49,2063872,53211,1624196,1.29,690
2026-08-28T07:31:29+00:00,NVIDIA H200 NVL,143771,907,0,0,34,98.22,2063872,53027,1624381,1.23,690
2026-08-28T07:31:59+00:00,NVIDIA H200 NVL,143771,907,0,0,34,98.04,2063872,52991,1624416,1.30,690
2026-08-28T07:32:29+00:00,NVIDIA H200 NVL,143771,907,0,0,34,98.00,2063872,52967,1624441,1.34,690
2026-08-28T07:32:59+00:00,NVIDIA H200 NVL,143771,907,20,0,34,115.53,2063872,53678,1623729,1.55,690
2026-08-28T07:33:29+00:00,NVIDIA H200 NVL,143771,891,20,0,35,115.54,2063872,53504,1623904,1.95,690
2026-08-28T07:33:59+00:00,NVIDIA H200 NVL,143771,891,0,0,34,98.40,2063872,53277,1624130,1.64,690
2026-08-28T07:34:29+00:00,NVIDIA H200 NVL,143771,891,0,0,34,98.29,2063872,53124,1624283,1.46,690
2026-08-28T07:34:59+00:00,NVIDIA H200 NVL,143771,891,0,0,34,98.32,2063872,53058,1624349,1.28,690
2026-08-28T07:35:29+00:00,NVIDIA H200 NVL,143771,891,0,0,34,98.28,2063872,53060,1624347,1.24,690
2026-08-28T07:35:59+00:00,NVIDIA H200 NVL,143771,891,0,0,33,97.91,2063872,53059,1624348,1.20,690
2026-08-28T07:36:29+00:00,NVIDIA H200 NVL,143771,1297,12,1,35,121.14,2063872,52953,1624453,1.12,690
2026-08-28T07:36:59+00:00,NVIDIA H200 NVL,143771,1297,17,2,35,118.31,2063872,52892,1624514,1.07,690
2026-08-28T07:37:29+00:00,NVIDIA H200 NVL,143771,1299,13,1,35,119.33,2063872,52901,1624505,1.04,690
2026-08-28T07:37:59+00:00,NVIDIA H200 NVL,143771,1299,18,2,35,123.14,2063872,52886,1624521,1.09,690
2026-08-28T07:38:29+00:00,NVIDIA H200 NVL,143771,1301,11,1,35,117.54,2063872,52868,1624538,1.12,690
2026-08-28T07:39:00+00:00,NVIDIA H200 NVL,143771,1301,24,3,36,116.12,2063872,52882,1624524,1.13,690
2026-08-28T07:39:30+00:00,NVIDIA H200 NVL,143771,1301,23,2,35,123.51,2063872,52877,1624530,1.15,690
2026-08-28T07:40:00+00:00,NVIDIA H200 NVL,143771,1305,17,2,35,123.45,2063872,52889,1624517,1.17,690
2026-08-28T07:40:30+00:00,NVIDIA H200 NVL,143771,1305,15,2,35,116.54,2063872,52956,1624448,1.37,690
2026-08-28T07:41:00+00:00,NVIDIA H200 NVL,143771,1307,16,2,35,116.52,2063872,52898,1624508,1.22,690
2026-08-28T07:41:30+00:00,NVIDIA H200 NVL,143771,1309,17,2,35,123.15,2063872,52906,1624500,4.25,690
2026-08-28T07:42:00+00:00,NVIDIA H200 NVL,143771,1309,14,1,35,123.25,2063872,52922,1624484,2.97,690
2026-08-28T07:42:30+00:00,NVIDIA H200 NVL,143771,1311,11,1,35,119.23,2063872,52900,1624506,10.83,690
2026-08-28T07:43:00+00:00,NVIDIA H200 NVL,143771,1311,20,2,36,123.57,2063872,52914,1624492,15.54,690
2026-08-28T07:43:30+00:00,NVIDIA H200 NVL,143771,1311,15,2,35,115.57,2063872,52928,1624478,9.81,690
2026-08-28T07:44:00+00:00,NVIDIA H200 NVL,143771,1313,12,1,35,122.59,2063872,52933,1624473,6.34,690
2026-08-28T07:44:30+00:00,NVIDIA H200 NVL,143771,1313,16,2,35,114.87,2063872,52959,1624447,15.63,690
2026-08-28T07:45:00+00:00,NVIDIA H200 NVL,143771,1315,12,1,35,115.93,2063872,52907,1624499,9.86,690
2026-08-28T07:45:30+00:00,NVIDIA H200 NVL,143771,1315,11,1,35,116.24,2063872,52889,1624517,6.37,690
2026-08-28T07:46:00+00:00,NVIDIA H200 NVL,143771,1317,13,1,35,120.88,2063872,52920,1624486,4.92,690
2026-08-28T07:46:30+00:00,NVIDIA H200 NVL,143771,1317,20,2,35,118.88,2063872,52936,1624470,3.72,690
2026-08-28T07:47:00+00:00,NVIDIA H200 NVL,143771,1319,25,3,36,123.34,2063872,52941,1624465,2.65,690
2026-08-28T07:47:30+00:00,NVIDIA H200 NVL,143771,1319,11,1,35,119.81,2063872,52946,1624460,2.00,690
2026-08-28T07:48:00+00:00,NVIDIA H200 NVL,143771,1321,18,2,35,123.04,2063872,52943,1624463,1.60,690
2026-08-28T07:48:31+00:00,NVIDIA H200 NVL,143771,1321,21,2,35,121.99,2063872,52948,1624458,1.44,690
2026-08-28T07:49:01+00:00,NVIDIA H200 NVL,143771,1321,12,1,35,117.05,2063872,52852,1624554,1.32,690
2026-08-28T07:49:31+00:00,NVIDIA H200 NVL,143771,1323,12,1,35,115.96,2063872,52935,1624471,6.94,690
2026-08-28T07:50:01+00:00,NVIDIA H200 NVL,143771,1323,11,1,35,120.47,2063872,53141,1624263,4.60,690
2026-08-28T07:50:31+00:00,NVIDIA H200 NVL,143771,1327,16,2,35,120.12,2063872,52857,1624548,3.37,690
2026-08-28T07:51:01+00:00,NVIDIA H200 NVL,143771,1327,21,2,35,117.69,2063872,52866,1624540,2.51,690
2026-08-28T07:51:31+00:00,NVIDIA H200 NVL,143771,1327,12,1,35,115.22,2063872,52866,1624540,2.02,690
2026-08-28T07:52:01+00:00,NVIDIA H200 NVL,143771,1329,10,1,35,120.90,2063872,52844,1624562,1.62,690
2026-08-28T07:52:31+00:00,NVIDIA H200 NVL,143771,1329,12,1,35,118.53,2063872,52855,1624551,4.71,690
2026-08-28T07:53:01+00:00,NVIDIA H200 NVL,143771,1331,24,2,35,116.65,2063872,52856,1624550,3.31,690
2026-08-28T07:53:31+00:00,NVIDIA H200 NVL,143771,1495,12,1,35,118.42,2063872,52872,1624534,2.60,690
2026-08-28T07:54:02+00:00,NVIDIA H200 NVL,143771,1495,22,2,35,117.22,2063872,52870,1624535,1.97,690
2026-08-28T07:54:32+00:00,NVIDIA H200 NVL,143771,1497,9,1,35,118.77,2063872,52875,1624530,1.66,690
2026-08-28T07:55:02+00:00,NVIDIA H200 NVL,143771,1499,20,2,35,118.50,2063872,52885,1624521,1.53,690
2026-08-28T07:55:32+00:00,NVIDIA H200 NVL,143771,1499,16,2,35,121.60,2063872,52909,1624497,1.39,690
2026-08-28T07:56:02+00:00,NVIDIA H200 NVL,143771,1501,11,1,35,116.51,2063872,52892,1624514,1.23,690
2026-08-28T07:56:32+00:00,NVIDIA H200 NVL,143771,1501,24,3,36,140.27,2063872,52915,1624491,1.41,690
2026-08-28T07:57:02+00:00,NVIDIA H200 NVL,143771,1503,11,1,35,115.24,2063872,52893,1624512,1.30,690
2026-08-28T07:57:32+00:00,NVIDIA H200 NVL,143771,1503,20,2,35,119.09,2063872,52907,1624499,1.25,690
2026-08-28T07:58:02+00:00,NVIDIA H200 NVL,143771,1505,19,2,35,123.11,2063872,52895,1624511,1.28,690
2026-08-28T07:58:32+00:00,NVIDIA H200 NVL,143771,1505,20,2,35,121.98,2063872,52915,1624490,1.36,690
2026-08-28T07:59:02+00:00,NVIDIA H200 NVL,143771,1507,19,2,35,117.84,2063872,52901,1624504,1.33,690
2026-08-28T07:59:32+00:00,NVIDIA H200 NVL,143771,1509,21,2,35,118.85,2063872,52910,1624496,1.48,690
2026-08-28T08:00:02+00:00,NVIDIA H200 NVL,143771,1509,15,2,35,117.34,2063872,53301,1624101,1.41,690
2026-08-28T08:00:32+00:00,NVIDIA H200 NVL,143771,1513,18,2,35,118.65,2063872,52894,1624510,1.49,690
2026-08-28T08:01:02+00:00,NVIDIA H200 NVL,143771,1513,11,1,35,117.87,2063872,52884,1624521,1.30,690
2026-08-28T08:01:32+00:00,NVIDIA H200 NVL,143771,1513,11,1,35,116.75,2063872,52925,1624480,1.45,690
2026-08-28T08:02:02+00:00,NVIDIA H200 NVL,143771,1515,36,4,36,131.15,2063872,52906,1624499,1.33,690
2026-08-28T08:02:33+00:00,NVIDIA H200 NVL,143771,1515,20,2,35,120.79,2063872,52901,1624504,1.52,690
2026-08-28T08:03:03+00:00,NVIDIA H200 NVL,143771,1509,13,1,35,119.11,2063872,52911,1624493,1.37,690
2026-08-28T08:03:33+00:00,NVIDIA H200 NVL,143771,1509,22,2,35,123.11,2063872,52908,1624496,4.87,690
2026-08-28T08:04:03+00:00,NVIDIA H200 NVL,143771,1511,24,2,35,124.32,2063872,52918,1624486,3.40,690
2026-08-28T08:04:33+00:00,NVIDIA H200 NVL,143771,1511,12,1,35,119.25,2063872,52927,1624477,2.55,690
2026-08-28T08:05:03+00:00,NVIDIA H200 NVL,143771,1513,23,2,35,118.64,2063872,52928,1624476,1.99,690
2026-08-28T08:05:33+00:00,NVIDIA H200 NVL,143771,1515,12,1,35,116.08,2063872,52927,1624477,1.80,690
2026-08-28T08:06:03+00:00,NVIDIA H200 NVL,143771,1517,15,2,35,118.22,2063872,52924,1624481,1.55,690
2026-08-28T08:06:33+00:00,NVIDIA H200 NVL,143771,1517,16,2,35,123.33,2063872,52904,1624500,1.62,690
2026-08-28T08:07:03+00:00,NVIDIA H200 NVL,143771,1519,19,2,35,119.04,2063872,52889,1624515,1.49,690
2026-08-28T08:07:33+00:00,NVIDIA H200 NVL,143771,1519,21,2,35,119.30,2063872,52915,1624489,1.29,690
2026-08-28T08:08:03+00:00,NVIDIA H200 NVL,143771,1519,15,1,35,118.73,2063872,52913,1624492,1.25,690
2026-08-28T08:08:33+00:00,NVIDIA H200 NVL,143771,1521,20,2,35,122.60,2063872,52930,1624474,1.15,690
2026-08-28T08:09:03+00:00,NVIDIA H200 NVL,143771,1523,22,2,35,118.75,2063872,52930,1624474,1.25,690
2026-08-28T08:09:33+00:00,NVIDIA H200 NVL,143771,1523,18,2,35,124.17,2063872,52891,1624513,1.22,690
2026-08-28T08:10:03+00:00,NVIDIA H200 NVL,143771,1525,20,2,35,121.90,2063872,53274,1624115,1.21,690
2026-08-28T08:10:33+00:00,NVIDIA H200 NVL,143771,1527,20,2,35,115.63,2063872,52905,1624498,1.13,690
2026-08-28T08:11:03+00:00,NVIDIA H200 NVL,143771,1527,12,1,35,114.66,2063872,52897,1624507,1.14,690
2026-08-28T08:11:33+00:00,NVIDIA H200 NVL,143771,1529,17,2,35,116.80,2063872,52893,1624511,1.14,690
2026-08-28T08:12:04+00:00,NVIDIA H200 NVL,143771,1529,22,2,35,117.21,2063872,52905,1624499,1.36,690
2026-08-28T08:12:34+00:00,NVIDIA H200 NVL,143771,1531,11,1,35,115.25,2063872,52943,1624461,1.28,690
2026-08-28T08:13:04+00:00,NVIDIA H200 NVL,143771,1531,11,1,35,117.62,2063872,52951,1624453,1.29,690
2026-08-28T08:13:34+00:00,NVIDIA H200 NVL,143771,1695,18,2,35,121.33,2063872,52935,1624469,1.25,690
2026-08-28T08:14:04+00:00,NVIDIA H200 NVL,143771,1697,14,2,35,118.89,2063872,52938,1624465,1.15,690
2026-08-28T08:14:34+00:00,NVIDIA H200 NVL,143771,1697,21,2,35,122.77,2063872,52931,1624472,1.21,690
2026-08-28T08:15:04+00:00,NVIDIA H200 NVL,143771,1699,24,3,35,117.53,2063872,52921,1624482,1.20,690
2026-08-28T08:15:34+00:00,NVIDIA H200 NVL,143771,1699,16,2,35,121.36,2063872,52907,1624496,1.18,690
2026-08-28T08:16:04+00:00,NVIDIA H200 NVL,143771,907,37,1,36,124.57,2063872,52965,1624438,1.11,690
2026-08-28T08:16:34+00:00,NVIDIA H200 NVL,143771,907,37,1,36,124.50,2063872,52915,1624488,1.13,690
2026-08-28T08:17:04+00:00,NVIDIA H200 NVL,143771,907,42,1,36,124.30,2063872,52921,1624482,1.08,690
2026-08-28T08:17:34+00:00,NVIDIA H200 NVL,143771,907,36,1,36,123.74,2063872,52941,1624462,1.18,690
2026-08-28T08:18:04+00:00,NVIDIA H200 NVL,143771,907,37,1,36,123.57,2063872,52908,1624495,1.18,690
2026-08-28T08:18:34+00:00,NVIDIA H200 NVL,143771,907,43,1,36,124.04,2063872,52907,1624495,1.11,690
2026-08-28T08:19:04+00:00,NVIDIA H200 NVL,143771,907,43,1,36,124.12,2063872,52911,1624492,5.95,690
2026-08-28T08:19:34+00:00,NVIDIA H200 NVL,143771,907,43,1,36,125.28,2063872,52900,1624503,4.06,690
2026-08-28T08:20:04+00:00,NVIDIA H200 NVL,143771,909,43,1,36,124.47,2063872,53419,1623969,3.00,690
2026-08-28T08:20:34+00:00,NVIDIA H200 NVL,143771,909,41,1,36,123.22,2063872,52979,1624423,2.33,690
2026-08-28T08:21:05+00:00,NVIDIA H200 NVL,143771,909,43,1,36,124.44,2063872,52962,1624440,1.80,690
2026-08-28T08:21:35+00:00,NVIDIA H200 NVL,143771,909,37,1,36,124.36,2063872,52939,1624464,1.55,690
2026-08-28T08:22:05+00:00,NVIDIA H200 NVL,143771,909,41,1,36,124.01,2063872,52935,1624467,1.33,690
2026-08-28T08:22:35+00:00,NVIDIA H200 NVL,143771,909,43,1,36,124.56,2063872,52909,1624493,3.76,690
2026-08-28T08:23:05+00:00,NVIDIA H200 NVL,143771,909,43,1,36,125.01,2063872,52946,1624456,2.85,690
2026-08-28T08:23:35+00:00,NVIDIA H200 NVL,143771,909,36,1,36,124.01,2063872,52945,1624457,2.32,690
2026-08-28T08:24:05+00:00,NVIDIA H200 NVL,143771,909,36,1,36,123.98,2063872,52934,1624468,1.85,690
2026-08-28T08:24:35+00:00,NVIDIA H200 NVL,143771,909,36,1,36,123.34,2063872,52972,1624430,1.51,690
2026-08-28T08:25:05+00:00,NVIDIA H200 NVL,143771,909,34,1,36,123.60,2063872,52949,1624453,1.46,690
2026-08-28T08:25:36+00:00,NVIDIA H200 NVL,143771,909,43,1,36,124.85,2063872,52976,1624427,1.33,690
2026-08-28T08:26:06+00:00,NVIDIA H200 NVL,143771,909,42,1,36,120.92,2063872,53010,1624392,1.26,690
2026-08-28T08:26:36+00:00,NVIDIA H200 NVL,143771,909,40,1,36,125.28,2063872,53012,1624390,1.22,690
2026-08-28T08:27:06+00:00,NVIDIA H200 NVL,143771,909,36,1,36,124.60,2063872,53030,1624372,1.19,690
2026-08-28T08:27:36+00:00,NVIDIA H200 NVL,143771,909,54,1,37,129.65,2063872,53029,1624374,1.51,690
2026-08-28T08:28:06+00:00,NVIDIA H200 NVL,143771,909,0,0,35,98.89,2063872,52950,1624452,1.31,690
2026-08-28T08:28:36+00:00,NVIDIA H200 NVL,143771,909,0,0,34,98.05,2063872,52870,1624532,1.24,690
2026-08-28T08:29:06+00:00,NVIDIA H200 NVL,143771,891,20,0,35,115.08,2063872,53123,1624279,1.22,690
2026-08-28T08:29:36+00:00,NVIDIA H200 NVL,143771,893,17,0,35,113.69,2063872,53062,1624340,1.13,690
2026-08-28T08:30:06+00:00,NVIDIA H200 NVL,143771,893,20,0,35,114.90,2063872,53283,1624116,1.53,690
2026-08-28T08:30:36+00:00,NVIDIA H200 NVL,143771,895,18,0,35,114.48,2063872,52940,1624462,1.37,690
2026-08-28T08:31:06+00:00,NVIDIA H200 NVL,143771,895,3,0,35,113.51,2063872,52983,1624419,1.22,690
2026-08-28T08:31:36+00:00,NVIDIA H200 NVL,143771,897,19,0,35,115.13,2063872,52938,1624464,1.20,690
2026-08-28T08:32:06+00:00,NVIDIA H200 NVL,143771,899,19,0,35,114.98,2063872,52956,1624445,1.12,690
2026-08-28T08:32:36+00:00,NVIDIA H200 NVL,143771,899,20,0,35,114.43,2063872,52970,1624431,1.20,690
2026-08-28T08:33:06+00:00,NVIDIA H200 NVL,143771,901,20,0,35,116.15,2063872,52947,1624455,1.18,690
2026-08-28T08:33:36+00:00,NVIDIA H200 NVL,143771,903,20,0,35,115.89,2063872,52982,1624420,1.17,690
2026-08-28T08:34:06+00:00,NVIDIA H200 NVL,143771,905,19,0,35,114.64,2063872,52967,1624434,1.31,690
2026-08-28T08:34:36+00:00,NVIDIA H200 NVL,143771,905,20,0,35,116.03,2063872,52976,1624425,1.18,690
2026-08-28T08:35:07+00:00,NVIDIA H200 NVL,143771,907,0,0,34,98.67,2063872,52851,1624550,1.33,690
2026-08-28T08:35:37+00:00,NVIDIA H200 NVL,143771,907,0,0,34,98.16,2063872,52799,1624602,1.20,690
2026-08-28T08:36:07+00:00,NVIDIA H200 NVL,143771,1223,23,2,34,105.10,2063872,53124,1624277,2.31,690
2026-08-28T08:36:37+00:00,NVIDIA H200 NVL,143771,1237,24,3,35,122.32,2063872,53117,1624284,1.93,690
2026-08-28T08:37:07+00:00,NVIDIA H200 NVL,143771,1245,24,3,35,122.20,2063872,53120,1624281,1.70,690
2026-08-28T08:37:37+00:00,NVIDIA H200 NVL,143771,1409,10,1,35,119.70,2063872,53142,1624259,1.42,690
2026-08-28T08:38:07+00:00,NVIDIA H200 NVL,143771,1425,11,1,35,119.11,2063872,53142,1624259,1.26,690
2026-08-28T08:38:37+00:00,NVIDIA H200 NVL,143771,1517,23,2,36,122.77,2063872,53149,1624252,1.15,690
2026-08-28T08:39:07+00:00,NVIDIA H200 NVL,143771,1529,21,2,35,119.53,2063872,53184,1624216,1.09,690
2026-08-28T08:39:37+00:00,NVIDIA H200 NVL,143771,1541,18,2,35,120.63,2063872,53130,1624271,1.19,690
2026-08-28T08:40:07+00:00,NVIDIA H200 NVL,143771,907,38,1,36,122.26,2063872,53441,1623956,1.48,690
2026-08-28T08:40:37+00:00,NVIDIA H200 NVL,143771,909,36,1,36,123.10,2063872,53092,1624308,1.49,690
2026-08-28T08:41:07+00:00,NVIDIA H200 NVL,143771,909,0,0,34,98.07,2063872,53045,1624355,1.31,690
2026-08-28T08:41:37+00:00,NVIDIA H200 NVL,143771,909,0,0,33,98.19,2063872,53051,1624348,1.18,690
2026-08-28T08:42:07+00:00,NVIDIA H200 NVL,143771,909,0,0,33,98.09,2063872,53044,1624355,1.11,690
2026-08-28T08:42:37+00:00,NVIDIA H200 NVL,143771,909,0,0,33,97.89,2063872,53026,1624374,1.13,690
2026-08-28T08:43:07+00:00,NVIDIA H200 NVL,143771,909,19,0,34,114.62,2063872,53066,1624333,5.73,690
2026-08-28T08:43:37+00:00,NVIDIA H200 NVL,143771,897,18,0,35,113.80,2063872,53098,1624302,3.87,690
2026-08-28T08:44:07+00:00,NVIDIA H200 NVL,143771,903,19,0,35,115.11,2063872,53097,1624302,2.81,690
2026-08-28T08:44:37+00:00,NVIDIA H200 NVL,143771,907,0,0,34,98.35,2063872,53033,1624366,2.18,690
2026-08-28T08:45:08+00:00,NVIDIA H200 NVL,143771,907,0,0,33,98.05,2063872,52994,1624404,1.71,690
2026-08-28T08:45:38+00:00,NVIDIA H200 NVL,143771,907,0,0,33,98.02,2063872,52997,1624401,1.50,690
2026-08-28T08:46:08+00:00,NVIDIA H200 NVL,143771,907,0,0,33,98.04,2063872,52992,1624407,1.30,690
2026-08-28T08:46:38+00:00,NVIDIA H200 NVL,143771,907,0,0,33,98.02,2063872,52856,1624543,1.66,690
2026-08-28T08:47:08+00:00,NVIDIA H200 NVL,143771,1225,20,2,35,121.65,2063872,52849,1624550,1.66,690
2026-08-28T08:47:38+00:00,NVIDIA H200 NVL,143771,1225,22,2,35,120.54,2063872,52791,1624607,1.45,690
2026-08-28T08:48:08+00:00,NVIDIA H200 NVL,143771,1229,23,2,35,122.94,2063872,52869,1624529,1.27,690
2026-08-28T08:48:38+00:00,NVIDIA H200 NVL,143771,1231,23,2,35,121.81,2063872,52852,1624546,1.41,690
2026-08-28T08:49:09+00:00,NVIDIA H200 NVL,143771,1233,13,1,35,115.74,2063872,52855,1624543,1.25,690
2026-08-28T08:49:39+00:00,NVIDIA H200 NVL,143771,1237,20,2,35,119.86,2063872,52861,1624537,1.15,690
2026-08-28T08:50:09+00:00,NVIDIA H200 NVL,143771,1237,23,2,35,119.60,2063872,53018,1624377,1.16,690
2026-08-28T08:50:39+00:00,NVIDIA H200 NVL,143771,1241,11,1,35,119.10,2063872,52833,1624565,9.27,690
2026-08-28T08:51:09+00:00,NVIDIA H200 NVL,143771,1243,12,1,35,120.85,2063872,52843,1624555,6.07,690
2026-08-28T08:51:39+00:00,NVIDIA H200 NVL,143771,1407,18,2,35,121.38,2063872,52843,1624555,4.07,690
2026-08-28T08:52:09+00:00,NVIDIA H200 NVL,143771,1409,18,2,35,119.71,2063872,52799,1624599,2.86,690
2026-08-28T08:52:39+00:00,NVIDIA H200 NVL,143771,1411,25,3,35,121.31,2063872,52780,1624618,2.13,690
2026-08-28T08:53:09+00:00,NVIDIA H200 NVL,143771,1413,18,2,35,121.84,2063872,52766,1624632,1.86,690
2026-08-28T08:53:39+00:00,NVIDIA H200 NVL,143771,1417,23,2,35,112.02,2063872,52782,1624616,1.52,690
2026-08-28T08:54:09+00:00,NVIDIA H200 NVL,143771,1417,11,1,35,115.86,2063872,52785,1624613,1.65,690
2026-08-28T08:54:39+00:00,NVIDIA H200 NVL,143771,1419,16,2,35,120.24,2063872,52799,1624599,1.46,690
2026-08-28T08:55:09+00:00,NVIDIA H200 NVL,143771,1421,12,1,35,117.59,2063872,52794,1624604,1.28,690
2026-08-28T08:55:39+00:00,NVIDIA H200 NVL,143771,1423,11,1,35,115.96,2063872,52795,1624602,1.24,690
2026-08-28T08:56:09+00:00,NVIDIA H200 NVL,143771,1425,15,1,35,122.44,2063872,52817,1624581,1.14,690
2026-08-28T08:56:39+00:00,NVIDIA H200 NVL,143771,1427,20,2,35,123.14,2063872,52815,1624583,1.08,690
2026-08-28T08:57:09+00:00,NVIDIA H200 NVL,143771,1429,14,2,35,116.73,2063872,52806,1624591,1.17,690
2026-08-28T08:57:40+00:00,NVIDIA H200 NVL,143771,1431,12,1,35,118.59,2063872,52809,1624588,1.10,690
2026-08-28T08:58:10+00:00,NVIDIA H200 NVL,143771,1433,13,1,35,120.60,2063872,52847,1624551,1.12,690
2026-08-28T08:58:40+00:00,NVIDIA H200 NVL,143771,1435,14,2,36,119.18,2063872,52813,1624585,1.07,690
2026-08-28T08:59:10+00:00,NVIDIA H200 NVL,143771,1441,25,3,36,118.40,2063872,52821,1624577,1.04,690
2026-08-28T08:59:40+00:00,NVIDIA H200 NVL,143771,1443,11,1,35,118.03,2063872,52833,1624565,1.15,690
2026-08-28T09:00:10+00:00,NVIDIA H200 NVL,143771,1445,22,2,36,119.92,2063872,53098,1624297,1.24,690
2026-08-28T09:00:40+00:00,NVIDIA H200 NVL,143771,1447,23,2,36,123.67,2063872,52835,1624562,1.20,690
2026-08-28T09:01:10+00:00,NVIDIA H200 NVL,143771,1611,20,2,36,122.51,2063872,52846,1624552,1.18,690
2026-08-28T09:01:40+00:00,NVIDIA H200 NVL,143771,1611,20,2,36,121.54,2063872,52848,1624550,1.11,690
2026-08-28T09:02:10+00:00,NVIDIA H200 NVL,143771,1613,17,2,36,117.61,2063872,52860,1624537,1.14,690
2026-08-28T09:02:40+00:00,NVIDIA H200 NVL,143771,1615,14,1,36,124.87,2063872,52844,1624554,1.21,690
2026-08-28T09:03:10+00:00,NVIDIA H200 NVL,143771,1617,17,2,36,120.04,2063872,52852,1624545,1.19,690
2026-08-28T09:03:40+00:00,NVIDIA H200 NVL,143771,1621,11,1,36,118.57,2063872,52909,1624489,1.25,690
2026-08-28T09:04:10+00:00,NVIDIA H200 NVL,143771,1623,21,2,36,124.68,2063872,52902,1624495,9.21,690
2026-08-28T09:04:40+00:00,NVIDIA H200 NVL,143771,1627,19,2,36,121.79,2063872,52893,1624505,6.16,690
2026-08-28T09:05:10+00:00,NVIDIA H200 NVL,143771,1629,19,2,36,119.26,2063872,52875,1624522,14.55,690
2026-08-28T09:05:40+00:00,NVIDIA H200 NVL,143771,1631,14,2,36,118.65,2063872,52869,1624528,9.32,690
2026-08-28T09:06:10+00:00,NVIDIA H200 NVL,143771,1631,38,1,36,123.00,2063872,52905,1624492,6.20,690
2026-08-28T09:06:40+00:00,NVIDIA H200 NVL,143771,1631,41,1,36,124.31,2063872,52876,1624521,4.15,690
2026-08-28T09:07:11+00:00,NVIDIA H200 NVL,143771,1631,39,1,36,125.08,2063872,52891,1624506,2.99,690
2026-08-28T09:07:41+00:00,NVIDIA H200 NVL,143771,1631,40,1,36,124.89,2063872,52871,1624526,2.20,690
2026-08-28T09:08:11+00:00,NVIDIA H200 NVL,143771,1631,39,1,36,125.12,2063872,52908,1624489,1.79,690
2026-08-28T09:08:41+00:00,NVIDIA H200 NVL,143771,907,43,1,36,124.56,2063872,52914,1624483,1.48,690
2026-08-28T09:09:11+00:00,NVIDIA H200 NVL,143771,907,39,1,36,123.54,2063872,52909,1624488,1.36,690
2026-08-28T09:09:41+00:00,NVIDIA H200 NVL,143771,909,38,1,36,121.77,2063872,52932,1624465,1.22,690
2026-08-28T09:10:11+00:00,NVIDIA H200 NVL,143771,909,39,1,36,124.53,2063872,52992,1624403,1.27,690
2026-08-28T09:10:41+00:00,NVIDIA H200 NVL,143771,909,38,1,36,123.57,2063872,52865,1624532,1.24,690
2026-08-28T09:11:11+00:00,NVIDIA H200 NVL,143771,909,39,1,36,124.17,2063872,52855,1624542,1.14,690
2026-08-28T09:11:41+00:00,NVIDIA H200 NVL,143771,909,42,1,36,124.48,2063872,52854,1624542,1.27,690
2026-08-28T09:12:11+00:00,NVIDIA H200 NVL,143771,909,39,1,36,123.67,2063872,52897,1624499,1.46,690
2026-08-28T09:12:41+00:00,NVIDIA H200 NVL,143771,909,0,0,34,98.57,2063872,52825,1624571,1.28,690
2026-08-28T09:13:11+00:00,NVIDIA H200 NVL,143771,909,0,0,34,98.32,2063872,52809,1624587,1.30,690
2026-08-28T09:13:41+00:00,NVIDIA H200 NVL,143771,909,19,0,35,115.26,2063872,52860,1624536,1.29,690
2026-08-28T09:14:11+00:00,NVIDIA H200 NVL,143771,909,20,0,35,116.41,2063872,52881,1624515,1.23,690
2026-08-28T09:14:41+00:00,NVIDIA H200 NVL,143771,911,20,0,35,114.61,2063872,52921,1624475,1.14,690
2026-08-28T09:15:11+00:00,NVIDIA H200 NVL,143771,899,19,0,35,115.78,2063872,52944,1624452,1.14,690
2026-08-28T09:15:41+00:00,NVIDIA H200 NVL,143771,899,20,0,35,116.10,2063872,52926,1624470,1.08,690
2026-08-28T09:16:11+00:00,NVIDIA H200 NVL,143771,901,15,0,35,115.18,2063872,52963,1624433,1.05,690
2026-08-28T09:16:42+00:00,NVIDIA H200 NVL,143771,903,20,0,35,115.74,2063872,52977,1624418,1.08,690
2026-08-28T09:17:12+00:00,NVIDIA H200 NVL,143771,907,20,0,35,114.57,2063872,52980,1624416,1.16,690
2026-08-28T09:17:42+00:00,NVIDIA H200 NVL,143771,907,0,0,34,98.49,2063872,52902,1624493,1.10,690
2026-08-28T09:18:12+00:00,NVIDIA H200 NVL,143771,907,0,0,34,98.01,2063872,52890,1624506,1.06,690
2026-08-28T09:18:42+00:00,NVIDIA H200 NVL,143771,1223,16,2,34,123.06,2063872,53202,1624193,2.11,690
2026-08-28T09:19:12+00:00,NVIDIA H200 NVL,143771,1235,16,2,35,122.52,2063872,53160,1624235,1.80,690
2026-08-28T09:19:42+00:00,NVIDIA H200 NVL,143771,1413,17,2,35,118.58,2063872,53122,1624274,1.48,690
2026-08-28T09:20:12+00:00,NVIDIA H200 NVL,143771,1429,14,1,35,121.04,2063872,53348,1624045,1.29,690
2026-08-28T09:20:42+00:00,NVIDIA H200 NVL,143771,1515,11,1,35,118.26,2063872,53201,1624194,1.31,690
2026-08-28T09:21:12+00:00,NVIDIA H200 NVL,143771,1529,17,2,36,118.92,2063872,53179,1624215,1.24,690
2026-08-28T09:21:42+00:00,NVIDIA H200 NVL,143771,1705,23,2,36,119.53,2063872,53156,1624239,1.20,690
2026-08-28T09:22:12+00:00,NVIDIA H200 NVL,143771,1705,40,1,36,122.12,2063872,53182,1624212,1.50,690
2026-08-28T09:22:42+00:00,NVIDIA H200 NVL,143771,909,37,1,36,123.28,2063872,53177,1624217,1.36,690
2026-08-28T09:23:12+00:00,NVIDIA H200 NVL,143771,909,0,0,34,98.65,2063872,53127,1624267,11.58,690
2026-08-28T09:23:43+00:00,NVIDIA H200 NVL,143771,909,0,0,34,98.09,2063872,53117,1624277,7.41,690
2026-08-28T09:24:13+00:00,NVIDIA H200 NVL,143771,909,0,0,33,98.22,2063872,53108,1624286,4.89,690
2026-08-28T09:24:43+00:00,NVIDIA H200 NVL,143771,909,0,0,33,98.20,2063872,53101,1624293,3.43,690
2026-08-28T09:25:13+00:00,NVIDIA H200 NVL,143771,909,19,0,34,114.90,2063872,53128,1624266,2.47,690
2026-08-28T09:25:43+00:00,NVIDIA H200 NVL,143771,913,19,0,35,114.70,2063872,53171,1624223,1.89,690
2026-08-28T09:26:13+00:00,NVIDIA H200 NVL,143771,921,19,0,35,114.37,2063872,53193,1624201,1.54,690
2026-08-28T09:26:43+00:00,NVIDIA H200 NVL,143771,923,0,0,34,98.31,2063872,53108,1624285,1.39,690
2026-08-28T09:27:13+00:00,NVIDIA H200 NVL,143771,923,0,0,33,98.23,2063872,53099,1624294,4.03,690
2026-08-28T09:27:43+00:00,NVIDIA H200 NVL,143771,923,0,0,33,98.18,2063872,53094,1624299,2.97,690
2026-08-28T09:28:13+00:00,NVIDIA H200 NVL,143771,923,0,0,33,97.93,2063872,53075,1624318,2.19,690
2026-08-28T09:28:43+00:00,NVIDIA H200 NVL,143771,1239,21,2,34,120.09,2063872,53181,1624212,2.51,690
2026-08-28T09:29:13+00:00,NVIDIA H200 NVL,143771,1251,26,3,35,121.35,2063872,53141,1624251,1.92,690
2026-08-28T09:29:43+00:00,NVIDIA H200 NVL,143771,1259,18,2,35,121.29,2063872,53127,1624266,1.55,690
2026-08-28T09:30:13+00:00,NVIDIA H200 NVL,143771,1433,21,2,35,122.04,2063872,53269,1624122,1.42,690
2026-08-28T09:30:43+00:00,NVIDIA H200 NVL,143771,1443,21,2,35,124.14,2063872,53128,1624264,1.39,690
2026-08-28T09:31:13+00:00,NVIDIA H200 NVL,143771,1455,15,1,35,122.13,2063872,53139,1624253,1.35,690
2026-08-28T09:31:43+00:00,NVIDIA H200 NVL,143771,1465,19,2,35,121.26,2063872,53115,1624277,7.52,690
2026-08-28T09:32:13+00:00,NVIDIA H200 NVL,143771,1633,16,2,35,121.87,2063872,53105,1624287,5.19,690
2026-08-28T09:32:43+00:00,NVIDIA H200 NVL,143771,1641,20,2,35,120.88,2063872,53119,1624273,3.59,690
2026-08-28T09:33:14+00:00,NVIDIA H200 NVL,143771,1649,38,1,36,122.04,2063872,53129,1624262,2.77,690
2026-08-28T09:33:44+00:00,NVIDIA H200 NVL,143771,1649,37,1,36,123.25,2063872,53152,1624240,2.19,690
2026-08-28T09:34:14+00:00,NVIDIA H200 NVL,143771,1649,40,1,36,123.62,2063872,53169,1624223,2.06,690
2026-08-28T09:34:44+00:00,NVIDIA H200 NVL,143771,1649,0,0,34,98.60,2063872,53121,1624270,1.90,690
2026-08-28T09:35:14+00:00,NVIDIA H200 NVL,143771,1649,0,0,34,98.27,2063872,53083,1624308,1.68,690
2026-08-28T09:35:44+00:00,NVIDIA H200 NVL,143771,1649,0,0,33,98.14,2063872,53096,1624295,1.81,690
2026-08-28T09:36:14+00:00,NVIDIA H200 NVL,143771,1649,0,0,33,98.24,2063872,53104,1624287,1.70,690
2026-08-28T09:36:44+00:00,NVIDIA H200 NVL,143771,1649,19,0,34,114.06,2063872,53171,1624220,2.22,690
2026-08-28T09:37:14+00:00,NVIDIA H200 NVL,143771,1649,19,0,35,114.16,2063872,53167,1624224,2.19,690
2026-08-28T09:37:44+00:00,NVIDIA H200 NVL,143771,1649,20,0,35,114.78,2063872,53148,1624243,5.47,690
2026-08-28T09:38:14+00:00,NVIDIA H200 NVL,143771,1649,18,0,35,115.12,2063872,53189,1624202,3.85,690
2026-08-28T09:38:44+00:00,NVIDIA H200 NVL,143771,1649,0,0,34,97.97,2063872,53158,1624233,14.34,690
2026-08-28T09:39:14+00:00,NVIDIA H200 NVL,143771,1649,0,0,33,98.06,2063872,53164,1624227,9.15,690
2026-08-28T09:39:44+00:00,NVIDIA H200 NVL,143771,1649,0,0,33,98.21,2063872,53152,1624238,6.20,690
2026-08-28T09:40:14+00:00,NVIDIA H200 NVL,143771,1649,0,0,33,97.89,2063872,53332,1624056,4.29,690
2026-08-28T09:40:44+00:00,NVIDIA H200 NVL,143771,1649,17,2,34,117.31,2063872,53052,1624337,3.55,690
2026-08-28T09:41:14+00:00,NVIDIA H200 NVL,143771,1649,22,2,35,117.78,2063872,53053,1624336,2.54,690
2026-08-28T09:41:44+00:00,NVIDIA H200 NVL,143771,1649,15,2,35,117.14,2063872,53062,1624327,2.08,690
2026-08-28T09:42:14+00:00,NVIDIA H200 NVL,143771,1649,16,2,35,121.09,2063872,53058,1624331,12.06,690
2026-08-28T09:42:45+00:00,NVIDIA H200 NVL,143771,1649,25,3,35,118.07,2063872,53046,1624343,7.86,690
2026-08-28T09:43:15+00:00,NVIDIA H200 NVL,143771,1649,12,1,35,120.05,2063872,53051,1624338,5.28,690
2026-08-28T09:43:45+00:00,NVIDIA H200 NVL,143771,1649,15,2,35,119.04,2063872,53052,1624337,3.59,690
2026-08-28T09:44:15+00:00,NVIDIA H200 NVL,143771,1649,17,2,35,119.62,2063872,53016,1624373,2.63,690
2026-08-28T09:44:45+00:00,NVIDIA H200 NVL,143771,1649,23,2,35,118.17,2063872,53022,1624367,2.04,690
2026-08-28T09:45:15+00:00,NVIDIA H200 NVL,143771,1163,12,1,35,115.04,2063872,53037,1624353,1.63,690
2026-08-28T09:45:45+00:00,NVIDIA H200 NVL,143771,1411,25,3,35,117.90,2063872,52997,1624392,1.38,690
2026-08-28T09:46:15+00:00,NVIDIA H200 NVL,143771,1413,14,1,35,119.82,2063872,53012,1624377,1.31,690
2026-08-28T09:46:45+00:00,NVIDIA H200 NVL,143771,1417,12,1,35,120.46,2063872,52986,1624403,1.26,690
2026-08-28T09:47:15+00:00,NVIDIA H200 NVL,143771,1417,17,2,35,119.43,2063872,52998,1624391,1.21,690
2026-08-28T09:47:45+00:00,NVIDIA H200 NVL,143771,1421,11,1,35,120.24,2063872,52982,1624407,1.13,690
2026-08-28T09:48:16+00:00,NVIDIA H200 NVL,143771,1423,19,2,35,121.67,2063872,52998,1624391,1.13,690
2026-08-28T09:48:46+00:00,NVIDIA H200 NVL,143771,1425,17,2,35,124.34,2063872,52995,1624394,1.08,690
2026-08-28T09:49:16+00:00,NVIDIA H200 NVL,143771,1427,25,3,35,121.26,2063872,52996,1624393,1.13,690
2026-08-28T09:49:46+00:00,NVIDIA H200 NVL,143771,1429,16,2,35,123.62,2063872,52999,1624389,1.08,690
2026-08-28T09:50:16+00:00,NVIDIA H200 NVL,143771,1431,10,1,35,119.65,2063872,53021,1624366,1.17,690
2026-08-28T09:50:46+00:00,NVIDIA H200 NVL,143771,1433,19,2,35,117.52,2063872,52931,1624457,1.10,690
2026-08-28T09:51:16+00:00,NVIDIA H200 NVL,143771,1435,18,2,35,119.93,2063872,52929,1624460,1.12,690
2026-08-28T09:51:46+00:00,NVIDIA H200 NVL,143771,1599,22,2,35,120.05,2063872,52933,1624455,1.20,690
2026-08-28T09:52:16+00:00,NVIDIA H200 NVL,143771,1601,23,2,36,123.01,2063872,52929,1624459,1.12,690
2026-08-28T09:52:46+00:00,NVIDIA H200 NVL,143771,1603,13,1,35,122.18,2063872,52931,1624458,1.15,690
2026-08-28T09:53:16+00:00,NVIDIA H200 NVL,143771,1607,11,1,35,115.43,2063872,52915,1624473,1.15,690
2026-08-28T09:53:46+00:00,NVIDIA H200 NVL,143771,1609,11,1,35,119.50,2063872,52935,1624454,1.09,690
2026-08-28T09:54:16+00:00,NVIDIA H200 NVL,143771,1611,13,1,35,120.44,2063872,52942,1624446,1.05,690
2026-08-28T09:54:46+00:00,NVIDIA H200 NVL,143771,1613,14,1,35,119.08,2063872,52941,1624448,1.03,690
2026-08-28T09:55:16+00:00,NVIDIA H200 NVL,143771,1615,10,1,35,115.32,2063872,52907,1624482,1.08,690
2026-08-28T09:55:46+00:00,NVIDIA H200 NVL,143771,1617,14,1,35,118.27,2063872,52908,1624480,1.11,690
2026-08-28T09:56:16+00:00,NVIDIA H200 NVL,143771,1619,18,2,35,124.01,2063872,52937,1624452,1.07,690
2026-08-28T09:56:46+00:00,NVIDIA H200 NVL,143771,1621,23,2,35,117.68,2063872,52909,1624480,1.04,690
2026-08-28T09:57:16+00:00,NVIDIA H200 NVL,143771,1623,12,1,35,118.29,2063872,52937,1624451,1.02,690
2026-08-28T09:57:47+00:00,NVIDIA H200 NVL,143771,1625,19,2,35,117.31,2063872,52941,1624447,1.07,690
2026-08-28T09:58:17+00:00,NVIDIA H200 NVL,143771,1629,13,2,35,115.91,2063872,52947,1624441,1.04,690
2026-08-28T09:58:47+00:00,NVIDIA H200 NVL,143771,1631,11,1,35,118.31,2063872,52912,1624476,1.14,690
2026-08-28T09:59:17+00:00,NVIDIA H200 NVL,143771,1633,19,2,35,124.53,2063872,52936,1624452,1.09,690
2026-08-28T09:59:47+00:00,NVIDIA H200 NVL,143771,1633,13,1,35,123.00,2063872,52928,1624460,1.66,690
2026-08-28T10:00:17+00:00,NVIDIA H200 NVL,143771,1637,11,1,35,120.24,2063872,52911,1624475,1.74,690
2026-08-28T10:00:47+00:00,NVIDIA H200 NVL,143771,1637,38,1,35,123.05,2063872,52979,1624409,1.51,690
2026-08-28T10:01:17+00:00,NVIDIA H200 NVL,143771,1637,38,1,35,123.52,2063872,52887,1624500,1.37,690
2026-08-28T10:01:47+00:00,NVIDIA H200 NVL,143771,1637,33,1,36,122.32,2063872,52940,1624448,1.22,690
2026-08-28T10:02:17+00:00,NVIDIA H200 NVL,143771,1637,39,1,36,123.82,2063872,52919,1624469,1.13,690
2026-08-28T10:02:47+00:00,NVIDIA H200 NVL,143771,1637,38,1,36,122.94,2063872,52926,1624462,1.08,690
2026-08-28T10:03:17+00:00,NVIDIA H200 NVL,143771,909,39,1,36,124.64,2063872,52925,1624463,1.33,690
2026-08-28T10:03:47+00:00,NVIDIA H200 NVL,143771,909,39,1,36,123.90,2063872,52913,1624475,1.20,690
2026-08-28T10:04:17+00:00,NVIDIA H200 NVL,143771,909,39,1,36,124.57,2063872,52939,1624448,1.27,690
2026-08-28T10:04:47+00:00,NVIDIA H200 NVL,143771,909,39,1,36,123.88,2063872,52938,1624450,1.24,690
2026-08-28T10:05:17+00:00,NVIDIA H200 NVL,143771,909,39,1,36,124.63,2063872,52944,1624443,1.14,690
2026-08-28T10:05:47+00:00,NVIDIA H200 NVL,143771,909,39,1,36,124.31,2063872,52921,1624467,1.17,690
2026-08-28T10:06:17+00:00,NVIDIA H200 NVL,143771,909,39,1,36,124.86,2063872,52912,1624475,1.10,690
2026-08-28T10:06:47+00:00,NVIDIA H200 NVL,143771,909,43,1,36,124.33,2063872,52919,1624468,1.06,690
2026-08-28T10:07:18+00:00,NVIDIA H200 NVL,143771,909,39,1,36,124.79,2063872,52934,1624453,1.04,690
2026-08-28T10:07:48+00:00,NVIDIA H200 NVL,143771,909,40,1,36,125.35,2063872,52940,1624447,1.08,690
2026-08-28T10:08:18+00:00,NVIDIA H200 NVL,143771,909,39,1,36,124.82,2063872,52923,1624464,1.21,690
2026-08-28T10:08:48+00:00,NVIDIA H200 NVL,143771,909,0,0,35,98.98,2063872,52878,1624509,1.20,690
2026-08-28T10:09:18+00:00,NVIDIA H200 NVL,143771,909,0,0,34,98.17,2063872,52847,1624540,1.12,690
2026-08-28T10:09:48+00:00,NVIDIA H200 NVL,143771,909,0,0,34,98.14,2063872,52822,1624565,1.22,690
2026-08-28T10:10:18+00:00,NVIDIA H200 NVL,143771,909,20,0,35,115.09,2063872,53026,1624358,9.23,690
2026-08-28T10:10:48+00:00,NVIDIA H200 NVL,143771,909,20,0,35,115.72,2063872,52912,1624474,5.99,690
2026-08-28T10:11:18+00:00,NVIDIA H200 NVL,143771,911,20,0,35,115.38,2063872,52950,1624436,4.08,690
2026-08-28T10:11:48+00:00,NVIDIA H200 NVL,143771,913,20,0,35,116.33,2063872,52960,1624427,2.87,690
2026-08-28T10:12:18+00:00,NVIDIA H200 NVL,143771,915,20,0,35,115.69,2063872,52994,1624392,2.27,690
2026-08-28T10:12:48+00:00,NVIDIA H200 NVL,143771,917,20,0,35,115.85,2063872,52951,1624435,2.08,690
2026-08-28T10:13:18+00:00,NVIDIA H200 NVL,143771,919,20,0,35,115.86,2063872,52970,1624416,2.04,690
2026-08-28T10:13:49+00:00,NVIDIA H200 NVL,143771,921,20,0,35,115.97,2063872,52947,1624439,1.82,690
2026-08-28T10:14:19+00:00,NVIDIA H200 NVL,143771,923,0,0,34,98.43,2063872,52865,1624521,1.69,690
2026-08-28T10:14:49+00:00,NVIDIA H200 NVL,143771,923,0,0,34,98.31,2063872,52865,1624521,1.61,690
2026-08-28T10:15:19+00:00,NVIDIA H200 NVL,143771,1239,11,1,34,109.89,2063872,53004,1624382,2.60,690
2026-08-28T10:15:49+00:00,NVIDIA H200 NVL,143771,1241,19,2,35,117.54,2063872,52898,1624468,2.39,690
2026-08-28T10:16:19+00:00,NVIDIA H200 NVL,143771,1241,17,2,35,117.08,2063872,52857,1624508,2.34,690
2026-08-28T10:16:49+00:00,NVIDIA H200 NVL,143771,1245,23,2,35,119.61,2063872,52869,1624497,2.06,690
2026-08-28T10:17:19+00:00,NVIDIA H200 NVL,143771,1247,18,2,35,119.97,2063872,52874,1624492,1.64,690
2026-08-28T10:17:49+00:00,NVIDIA H200 NVL,143771,1249,24,3,36,119.33,2063872,52867,1624499,1.45,690
2026-08-28T10:18:19+00:00,NVIDIA H200 NVL,143771,1251,11,1,35,116.85,2063872,52870,1624496,1.27,690
2026-08-28T10:18:49+00:00,NVIDIA H200 NVL,143771,1253,13,1,35,117.61,2063872,52849,1624516,1.23,690
2026-08-28T10:19:19+00:00,NVIDIA H200 NVL,143771,1255,16,2,35,120.65,2063872,52875,1624491,1.14,690
2026-08-28T10:19:49+00:00,NVIDIA H200 NVL,143771,1257,17,2,35,118.56,2063872,52912,1624453,1.08,690
2026-08-28T10:20:19+00:00,NVIDIA H200 NVL,143771,1257,15,2,35,116.18,2063872,52905,1624458,1.19,690
2026-08-28T10:20:49+00:00,NVIDIA H200 NVL,143771,1261,12,1,35,117.97,2063872,52918,1624447,1.24,690
2026-08-28T10:21:19+00:00,NVIDIA H200 NVL,143771,1263,11,1,35,115.76,2063872,52920,1624446,1.26,690
2026-08-28T10:21:49+00:00,NVIDIA H200 NVL,143771,1265,25,3,35,119.73,2063872,52907,1624458,1.34,690
2026-08-28T10:22:19+00:00,NVIDIA H200 NVL,143771,1267,18,2,35,117.08,2063872,52917,1624448,1.33,690
2026-08-28T10:22:49+00:00,NVIDIA H200 NVL,143771,1267,21,2,35,122.72,2063872,52870,1624496,1.41,690
2026-08-28T10:23:20+00:00,NVIDIA H200 NVL,143771,1431,12,1,35,120.39,2063872,52865,1624500,1.37,690
2026-08-28T10:23:50+00:00,NVIDIA H200 NVL,143771,1433,17,2,35,122.88,2063872,52873,1624492,1.22,690
2026-08-28T10:24:20+00:00,NVIDIA H200 NVL,143771,1435,11,1,35,117.85,2063872,52859,1624507,1.20,690
2026-08-28T10:24:50+00:00,NVIDIA H200 NVL,143771,1437,23,2,35,120.51,2063872,52867,1624499,1.25,690
2026-08-28T10:25:20+00:00,NVIDIA H200 NVL,143771,1439,22,2,35,117.75,2063872,52885,1624481,1.21,690
2026-08-28T10:25:50+00:00,NVIDIA H200 NVL,143771,1443,11,1,35,117.21,2063872,52909,1624457,1.13,690
2026-08-28T10:26:20+00:00,NVIDIA H200 NVL,143771,1445,16,2,36,127.72,2063872,52915,1624450,1.08,690
2026-08-28T10:26:50+00:00,NVIDIA H200 NVL,143771,1447,13,1,35,117.40,2063872,52896,1624469,1.19,690
2026-08-28T10:27:20+00:00,NVIDIA H200 NVL,143771,1449,21,2,35,123.36,2063872,52909,1624456,1.30,690
2026-08-28T10:27:50+00:00,NVIDIA H200 NVL,143771,1449,20,2,35,117.33,2063872,52916,1624449,1.26,690
2026-08-28T10:28:20+00:00,NVIDIA H200 NVL,143771,1451,13,1,35,115.37,2063872,52921,1624444,12.53,690
2026-08-28T10:28:50+00:00,NVIDIA H200 NVL,143771,1453,11,1,35,116.73,2063872,52910,1624464,8.05,690
2026-08-28T10:29:20+00:00,NVIDIA H200 NVL,143771,1455,16,2,35,118.43,2063872,52890,1624484,5.38,690
2026-08-28T10:29:50+00:00,NVIDIA H200 NVL,143771,1457,18,2,35,118.16,2063872,52901,1624473,3.73,690
2026-08-28T10:30:20+00:00,NVIDIA H200 NVL,143771,1459,11,1,35,116.65,2063872,52884,1624488,3.01,690
2026-08-28T10:30:50+00:00,NVIDIA H200 NVL,143771,1461,19,2,35,118.00,2063872,52863,1624511,2.30,690
2026-08-28T10:31:20+00:00,NVIDIA H200 NVL,143771,1463,19,2,35,119.78,2063872,52874,1624500,1.84,690
2026-08-28T10:31:50+00:00,NVIDIA H200 NVL,143771,1465,12,1,35,115.99,2063872,52862,1624512,1.58,690
2026-08-28T10:32:20+00:00,NVIDIA H200 NVL,143771,1545,13,1,35,117.92,2063872,52834,1624540,1.35,690
2026-08-28T10:32:51+00:00,NVIDIA H200 NVL,143771,1547,12,1,35,117.52,2063872,52863,1624510,3.48,690
2026-08-28T10:33:21+00:00,NVIDIA H200 NVL,143771,1551,23,2,35,121.47,2063872,52870,1624503,2.68,690
2026-08-28T10:33:51+00:00,NVIDIA H200 NVL,143771,1553,22,2,35,122.85,2063872,52867,1624507,2.02,690
2026-08-28T10:34:21+00:00,NVIDIA H200 NVL,143771,1553,21,2,35,118.90,2063872,52894,1624479,1.95,690
2026-08-28T10:34:51+00:00,NVIDIA H200 NVL,143771,1555,18,2,35,117.33,2063872,52872,1624502,2.00,690
2026-08-28T10:35:21+00:00,NVIDIA H200 NVL,143771,1557,12,1,35,117.48,2063872,52879,1624495,2.05,690
2026-08-28T10:35:51+00:00,NVIDIA H200 NVL,143771,1559,15,2,35,119.59,2063872,52881,1624492,2.03,690
2026-08-28T10:36:21+00:00,NVIDIA H200 NVL,143771,1561,20,2,35,117.47,2063872,52860,1624514,2.30,690
2026-08-28T10:36:51+00:00,NVIDIA H200 NVL,143771,1563,25,3,35,116.04,2063872,52864,1624509,2.32,690
2026-08-28T10:37:21+00:00,NVIDIA H200 NVL,143771,1565,15,2,35,118.40,2063872,52873,1624501,2.19,690
2026-08-28T10:37:51+00:00,NVIDIA H200 NVL,143771,1567,41,1,35,123.13,2063872,52932,1624441,8.96,690
2026-08-28T10:38:21+00:00,NVIDIA H200 NVL,143771,1567,40,1,35,123.38,2063872,52869,1624504,6.61,690
2026-08-28T10:38:51+00:00,NVIDIA H200 NVL,143771,1567,38,1,36,123.51,2063872,52867,1624507,4.96,690
2026-08-28T10:39:22+00:00,NVIDIA H200 NVL,143771,1567,41,1,36,123.13,2063872,52911,1624462,3.76,690
2026-08-28T10:39:52+00:00,NVIDIA H200 NVL,143771,1567,43,1,36,123.72,2063872,52929,1624444,2.67,690
2026-08-28T10:40:22+00:00,NVIDIA H200 NVL,143771,1567,40,1,35,123.46,2063872,53037,1624334,2.52,690
2026-08-28T10:40:52+00:00,NVIDIA H200 NVL,143771,1567,37,1,35,123.44,2063872,52959,1624414,1.97,690
2026-08-28T10:41:22+00:00,NVIDIA H200 NVL,143771,1567,37,1,36,123.24,2063872,52952,1624421,1.69,690
2026-08-28T10:41:52+00:00,NVIDIA H200 NVL,143771,1567,38,1,36,124.45,2063872,52916,1624457,9.11,690
2026-08-28T10:42:22+00:00,NVIDIA H200 NVL,143771,1567,41,1,36,122.64,2063872,52939,1624433,9.26,690
2026-08-28T10:42:52+00:00,NVIDIA H200 NVL,143771,1567,37,1,36,121.33,2063872,52921,1624452,6.00,690
2026-08-28T10:43:22+00:00,NVIDIA H200 NVL,143771,909,38,1,36,123.91,2063872,52882,1624491,4.09,690
2026-08-28T10:43:52+00:00,NVIDIA H200 NVL,143771,909,42,1,36,123.08,2063872,52908,1624465,2.94,690
2026-08-28T10:44:22+00:00,NVIDIA H200 NVL,143771,909,37,1,36,121.82,2063872,52901,1624472,2.18,690
2026-08-28T10:44:52+00:00,NVIDIA H200 NVL,143771,909,0,0,34,98.21,2063872,52838,1624535,1.83,690
2026-08-28T10:45:22+00:00,NVIDIA H200 NVL,143771,909,0,0,34,98.05,2063872,52869,1624503,1.58,690
2026-08-28T10:45:52+00:00,NVIDIA H200 NVL,143771,909,19,0,34,114.26,2063872,52941,1624431,1.50,690
2026-08-28T10:46:22+00:00,NVIDIA H200 NVL,143771,911,20,0,35,115.03,2063872,52960,1624413,1.36,690
2026-08-28T10:46:52+00:00,NVIDIA H200 NVL,143771,911,20,0,35,115.14,2063872,52944,1624429,1.28,690
2026-08-28T10:47:23+00:00,NVIDIA H200 NVL,143771,913,19,0,35,114.59,2063872,52944,1624428,1.17,690
2026-08-28T10:47:53+00:00,NVIDIA H200 NVL,143771,915,19,0,35,115.24,2063872,52955,1624417,1.44,690
2026-08-28T10:48:23+00:00,NVIDIA H200 NVL,143771,917,19,0,35,114.83,2063872,52946,1624426,1.50,690
2026-08-28T10:48:53+00:00,NVIDIA H200 NVL,143771,919,20,0,35,116.04,2063872,52916,1624457,1.30,690
2026-08-28T10:49:23+00:00,NVIDIA H200 NVL,143771,905,19,0,35,115.01,2063872,52918,1624454,1.18,690
2026-08-28T10:49:53+00:00,NVIDIA H200 NVL,143771,907,20,0,35,117.07,2063872,52946,1624427,1.11,690
2026-08-28T10:50:23+00:00,NVIDIA H200 NVL,143771,907,17,0,35,114.91,2063872,52966,1624404,1.26,690
2026-08-28T10:50:53+00:00,NVIDIA H200 NVL,143771,909,0,0,34,98.21,2063872,52873,1624499,1.09,690
2026-08-28T10:51:23+00:00,NVIDIA H200 NVL,143771,909,0,0,33,97.99,2063872,52857,1624515,1.06,690
2026-08-28T10:51:53+00:00,NVIDIA H200 NVL,143771,909,0,0,33,98.10,2063872,52741,1624631,1.95,690
2026-08-28T10:52:23+00:00,NVIDIA H200 NVL,143771,1429,0,0,34,105.76,2063872,52792,1624580,1.89,690
2026-08-28T10:52:53+00:00,NVIDIA H200 NVL,143771,1749,12,1,34,110.29,2063872,52730,1624641,1.59,690
2026-08-28T10:53:23+00:00,NVIDIA H200 NVL,143771,1935,11,1,34,110.31,2063872,52737,1624634,1.48,690
2026-08-28T10:53:53+00:00,NVIDIA H200 NVL,143771,2237,10,1,34,109.87,2063872,52712,1624660,1.35,690
2026-08-28T10:54:24+00:00,NVIDIA H200 NVL,143771,2369,21,0,34,110.83,2063872,52704,1624668,1.35,690
2026-08-28T10:54:54+00:00,NVIDIA H200 NVL,143771,2369,22,0,34,110.25,2063872,52671,1624701,1.21,690
2026-08-28T10:55:24+00:00,NVIDIA H200 NVL,143771,2369,22,0,34,110.58,2063872,52690,1624681,1.18,690
2026-08-28T10:55:54+00:00,NVIDIA H200 NVL,143771,2369,0,0,33,98.07,2063872,52691,1624681,1.37,690
2026-08-28T10:56:24+00:00,NVIDIA H200 NVL,143771,2369,12,0,33,106.64,2063872,52817,1624554,1.37,690
2026-08-28T10:56:54+00:00,NVIDIA H200 NVL,143771,2369,13,0,34,106.63,2063872,52712,1624659,1.22,690
2026-08-28T10:57:24+00:00,NVIDIA H200 NVL,143771,2369,0,0,33,98.06,2063872,52735,1624635,1.19,690
2026-08-28T10:57:54+00:00,NVIDIA H200 NVL,143771,2369,0,0,33,98.03,2063872,52655,1624716,1.18,690
