timestamp_utc,gpu_name,gpu_memory_total_mib,gpu_memory_used_mib,gpu_utilization_pct,gpu_memory_utilization_pct,gpu_temperature_c,gpu_power_w,ram_total_mib,ram_used_mib,ram_available_mib,load_1m,disk_available_gib
2026-09-01T08:54:09+00:00,NVIDIA H200 NVL,143771,0,0,0,31,72.59,2063872,52075,1624484,0.64,690
2026-09-01T08:54:39+00:00,NVIDIA H200 NVL,143771,0,0,0,31,72.47,2063872,55341,1621157,1.47,690
2026-09-01T08:55:09+00:00,NVIDIA H200 NVL,143771,0,0,0,31,72.63,2063872,55507,1620747,2.57,690
2026-09-01T08:55:39+00:00,NVIDIA H200 NVL,143771,0,0,0,31,72.46,2063872,55749,1620476,10.19,690
2026-09-01T08:56:09+00:00,NVIDIA H200 NVL,143771,0,0,0,30,72.62,2063872,55748,1620231,7.46,690
2026-09-01T08:56:40+00:00,NVIDIA H200 NVL,143771,1021,13,1,32,108.99,2063872,53702,1622183,5.31,690
2026-09-01T08:57:10+00:00,NVIDIA H200 NVL,143771,1021,15,1,33,108.98,2063872,53422,1622464,3.82,690
2026-09-01T08:57:40+00:00,NVIDIA H200 NVL,143771,1021,12,1,34,108.46,2063872,53402,1622484,2.98,690
2026-09-01T08:58:10+00:00,NVIDIA H200 NVL,143771,1021,13,1,34,108.62,2063872,53396,1622490,2.20,690
2026-09-01T08:58:40+00:00,NVIDIA H200 NVL,143771,997,11,1,34,109.02,2063872,53382,1622504,1.83,690
2026-09-01T08:59:10+00:00,NVIDIA H200 NVL,143771,997,12,1,34,109.46,2063872,53385,1622501,1.66,690
2026-09-01T08:59:40+00:00,NVIDIA H200 NVL,143771,997,12,1,34,109.20,2063872,53369,1622517,1.46,690
2026-09-01T09:00:10+00:00,NVIDIA H200 NVL,143771,999,11,1,35,109.27,2063872,53718,1622165,1.55,690
2026-09-01T09:00:40+00:00,NVIDIA H200 NVL,143771,999,13,1,35,109.11,2063872,53403,1622482,1.39,690
2026-09-01T09:01:10+00:00,NVIDIA H200 NVL,143771,999,12,1,35,109.31,2063872,53390,1622495,1.24,690
2026-09-01T09:01:40+00:00,NVIDIA H200 NVL,143771,1001,14,1,35,109.27,2063872,53386,1622499,1.14,690
2026-09-01T09:02:10+00:00,NVIDIA H200 NVL,143771,1001,12,1,35,108.62,2063872,53339,1622546,1.16,690
2026-09-01T09:02:40+00:00,NVIDIA H200 NVL,143771,1001,13,1,35,108.10,2063872,53323,1622562,1.10,690
2026-09-01T09:03:10+00:00,NVIDIA H200 NVL,143771,1001,13,1,35,108.74,2063872,53332,1622553,1.21,690
2026-09-01T09:03:40+00:00,NVIDIA H200 NVL,143771,1005,12,1,35,109.76,2063872,53359,1622526,1.12,690
2026-09-01T09:04:10+00:00,NVIDIA H200 NVL,143771,1005,12,1,35,108.75,2063872,53309,1622575,1.15,690
2026-09-01T09:04:40+00:00,NVIDIA H200 NVL,143771,1005,12,1,35,108.35,2063872,53273,1622611,1.09,690
2026-09-01T09:05:10+00:00,NVIDIA H200 NVL,143771,1005,11,1,35,108.45,2063872,53271,1622613,1.11,690
2026-09-01T09:05:40+00:00,NVIDIA H200 NVL,143771,901,44,1,35,125.63,2063872,53934,1621949,1.38,690
2026-09-01T09:06:11+00:00,NVIDIA H200 NVL,143771,901,42,1,36,124.99,2063872,53679,1622204,1.23,690
2026-09-01T09:06:41+00:00,NVIDIA H200 NVL,143771,901,43,1,36,125.92,2063872,53626,1622257,7.01,690
2026-09-01T09:07:11+00:00,NVIDIA H200 NVL,143771,901,42,1,36,126.29,2063872,53614,1622269,4.64,690
2026-09-01T09:07:41+00:00,NVIDIA H200 NVL,143771,901,40,1,36,124.99,2063872,53595,1622288,7.17,690
2026-09-01T09:08:11+00:00,NVIDIA H200 NVL,143771,901,44,1,36,125.34,2063872,53633,1622250,4.80,690
2026-09-01T09:08:41+00:00,NVIDIA H200 NVL,143771,879,0,0,35,98.67,2063872,53163,1622719,3.77,690
2026-09-01T09:09:11+00:00,NVIDIA H200 NVL,143771,879,0,0,34,98.31,2063872,53352,1622530,2.73,690
2026-09-01T09:09:41+00:00,NVIDIA H200 NVL,143771,879,0,0,34,98.01,2063872,53348,1622534,2.19,690
2026-09-01T09:10:11+00:00,NVIDIA H200 NVL,143771,879,0,0,34,97.97,2063872,53432,1622448,1.87,690
2026-09-01T09:10:41+00:00,NVIDIA H200 NVL,143771,879,0,0,34,97.93,2063872,53351,1622531,1.76,690
2026-09-01T09:11:11+00:00,NVIDIA H200 NVL,143771,879,0,0,33,97.80,2063872,53346,1622535,1.52,690
2026-09-01T09:11:41+00:00,NVIDIA H200 NVL,143771,881,21,0,34,116.21,2063872,54204,1621677,1.66,690
2026-09-01T09:12:11+00:00,NVIDIA H200 NVL,143771,881,21,0,35,116.71,2063872,53973,1621908,2.66,690
2026-09-01T09:12:41+00:00,NVIDIA H200 NVL,143771,881,21,0,35,118.70,2063872,53818,1622063,2.12,690
2026-09-01T09:13:11+00:00,NVIDIA H200 NVL,143771,881,21,0,35,117.31,2063872,53741,1622140,1.80,690
2026-09-01T09:13:41+00:00,NVIDIA H200 NVL,143771,887,20,0,35,117.16,2063872,53738,1622143,1.54,690
2026-09-01T09:14:12+00:00,NVIDIA H200 NVL,143771,863,0,0,34,98.33,2063872,53551,1622330,1.59,690
2026-09-01T09:14:42+00:00,NVIDIA H200 NVL,143771,863,0,0,34,97.94,2063872,53419,1622462,1.41,690
2026-09-01T09:15:12+00:00,NVIDIA H200 NVL,143771,863,0,0,33,97.87,2063872,53384,1622497,1.31,690
2026-09-01T09:15:42+00:00,NVIDIA H200 NVL,143771,863,0,0,33,98.01,2063872,53378,1622502,1.37,690
2026-09-01T09:16:12+00:00,NVIDIA H200 NVL,143771,863,0,0,33,97.76,2063872,53362,1622519,1.22,690
2026-09-01T09:16:42+00:00,NVIDIA H200 NVL,143771,863,0,0,33,97.98,2063872,53398,1622482,1.31,690
2026-09-01T09:17:12+00:00,NVIDIA H200 NVL,143771,863,0,0,33,97.78,2063872,56049,1619775,1.25,690
2026-09-01T09:17:42+00:00,NVIDIA H200 NVL,143771,863,0,0,33,97.72,2063872,56758,1619045,1.60,690
2026-09-01T09:18:12+00:00,NVIDIA H200 NVL,143771,863,0,0,33,97.89,2063872,56854,1618926,1.71,690
2026-09-01T09:18:42+00:00,NVIDIA H200 NVL,143771,863,0,0,33,97.84,2063872,56949,1618805,4.31,689
2026-09-01T09:19:12+00:00,NVIDIA H200 NVL,143771,863,0,0,33,97.70,2063872,56938,1618789,3.26,689
2026-09-01T09:19:42+00:00,NVIDIA H200 NVL,143771,863,0,0,33,97.75,2063872,56933,1618769,7.16,689
2026-09-01T09:20:12+00:00,NVIDIA H200 NVL,143771,863,0,0,33,97.76,2063872,57115,1618561,4.94,689
2026-09-01T09:20:42+00:00,NVIDIA H200 NVL,143771,863,0,0,33,97.86,2063872,57078,1618573,6.39,689
2026-09-01T09:21:12+00:00,NVIDIA H200 NVL,143771,863,0,0,33,97.79,2063872,57008,1618618,4.40,689
2026-09-01T09:21:42+00:00,NVIDIA H200 NVL,143771,863,0,0,33,97.68,2063872,56987,1618613,3.23,689
2026-09-01T09:22:12+00:00,NVIDIA H200 NVL,143771,863,0,0,33,97.54,2063872,57069,1618506,2.55,689
2026-09-01T09:22:42+00:00,NVIDIA H200 NVL,143771,863,0,0,33,97.60,2063872,57203,1618346,2.08,689
2026-09-01T09:23:12+00:00,NVIDIA H200 NVL,143771,863,0,0,33,97.74,2063872,57091,1618431,1.87,689
2026-09-01T09:23:43+00:00,NVIDIA H200 NVL,143771,863,0,0,33,97.86,2063872,57128,1618365,1.67,689
2026-09-01T09:24:13+00:00,NVIDIA H200 NVL,143771,863,0,0,33,97.90,2063872,57285,1618180,1.54,689
2026-09-01T09:24:43+00:00,NVIDIA H200 NVL,143771,863,0,0,33,98.01,2063872,57216,1618220,1.59,689
2026-09-01T09:25:13+00:00,NVIDIA H200 NVL,143771,863,0,0,34,98.04,2063872,57249,1618162,1.49,689
2026-09-01T09:25:43+00:00,NVIDIA H200 NVL,143771,863,0,0,34,97.85,2063872,57316,1618066,1.56,689
2026-09-01T09:26:13+00:00,NVIDIA H200 NVL,143771,863,0,0,35,98.22,2063872,57250,1618104,1.54,689
2026-09-01T09:26:43+00:00,NVIDIA H200 NVL,143771,863,0,0,35,98.17,2063872,57238,1618091,1.61,689
2026-09-01T09:27:13+00:00,NVIDIA H200 NVL,143771,863,0,0,35,98.50,2063872,57316,1617987,2.37,689
2026-09-01T09:27:43+00:00,NVIDIA H200 NVL,143771,863,0,0,35,98.39,2063872,57318,1617955,3.15,689
2026-09-01T09:28:13+00:00,NVIDIA H200 NVL,143771,863,0,0,35,98.32,2063872,57247,1617998,11.56,689
2026-09-01T09:28:43+00:00,NVIDIA H200 NVL,143771,863,0,0,35,98.46,2063872,57106,1618110,8.27,689
2026-09-01T09:29:13+00:00,NVIDIA H200 NVL,143771,863,0,0,35,98.50,2063872,57179,1618020,5.86,689
2026-09-01T09:29:43+00:00,NVIDIA H200 NVL,143771,863,0,0,35,98.39,2063872,57214,1617970,4.41,689
2026-09-01T09:30:13+00:00,NVIDIA H200 NVL,143771,863,0,0,34,98.10,2063872,57324,1617842,3.66,689
2026-09-01T09:30:43+00:00,NVIDIA H200 NVL,143771,863,0,0,34,98.24,2063872,57273,1617875,3.15,689
2026-09-01T09:31:13+00:00,NVIDIA H200 NVL,143771,863,0,0,34,98.13,2063872,56809,1618329,2.49,689
2026-09-01T09:31:43+00:00,NVIDIA H200 NVL,143771,863,0,0,34,98.25,2063872,57210,1617903,2.10,689
2026-09-01T09:32:13+00:00,NVIDIA H200 NVL,143771,863,0,0,34,98.15,2063872,57154,1617939,2.17,689
2026-09-01T09:32:43+00:00,NVIDIA H200 NVL,143771,863,0,0,34,98.15,2063872,57245,1617826,2.13,689
2026-09-01T09:33:14+00:00,NVIDIA H200 NVL,143771,863,0,0,34,98.02,2063872,57246,1617808,2.01,689
2026-09-01T09:33:44+00:00,NVIDIA H200 NVL,143771,863,0,0,34,98.10,2063872,57301,1617732,1.86,689
2026-09-01T09:34:14+00:00,NVIDIA H200 NVL,143771,863,0,0,34,98.03,2063872,57274,1617736,1.80,689
2026-09-01T09:34:44+00:00,NVIDIA H200 NVL,143771,863,0,0,34,97.99,2063872,57236,1617752,1.74,689
2026-09-01T09:35:14+00:00,NVIDIA H200 NVL,143771,863,0,0,34,97.99,2063872,57240,1617725,1.97,689
2026-09-01T09:35:44+00:00,NVIDIA H200 NVL,143771,863,0,0,34,97.99,2063872,57220,1617722,2.05,689
2026-09-01T09:36:14+00:00,NVIDIA H200 NVL,143771,863,0,0,34,97.98,2063872,57228,1617692,2.27,689
2026-09-01T09:36:44+00:00,NVIDIA H200 NVL,143771,863,0,0,34,97.91,2063872,57282,1617618,1.95,689
2026-09-01T09:37:14+00:00,NVIDIA H200 NVL,143771,863,0,0,34,97.81,2063872,57279,1617606,2.08,689
2026-09-01T09:37:44+00:00,NVIDIA H200 NVL,143771,863,0,0,34,97.86,2063872,57287,1617581,2.22,689
2026-09-01T09:38:14+00:00,NVIDIA H200 NVL,143771,863,0,0,34,97.94,2063872,57296,1617556,2.27,689
2026-09-01T09:38:45+00:00,NVIDIA H200 NVL,143771,997,12,1,34,108.68,2063872,53503,1621339,2.31,689
2026-09-01T09:39:15+00:00,NVIDIA H200 NVL,143771,997,13,1,34,108.60,2063872,53469,1621374,9.23,689
2026-09-01T09:39:45+00:00,NVIDIA H200 NVL,143771,1001,12,1,35,108.88,2063872,53422,1621420,6.11,689
2026-09-01T09:40:15+00:00,NVIDIA H200 NVL,143771,1003,13,1,35,110.47,2063872,53507,1621333,4.31,689
2026-09-01T09:40:45+00:00,NVIDIA H200 NVL,143771,1005,13,1,35,108.52,2063872,53416,1621426,4.31,689
2026-09-01T09:41:15+00:00,NVIDIA H200 NVL,143771,1005,13,1,35,109.58,2063872,53369,1621472,3.47,689
2026-09-01T09:41:45+00:00,NVIDIA H200 NVL,143771,1007,14,1,35,109.55,2063872,53325,1621516,2.50,689
2026-09-01T09:42:15+00:00,NVIDIA H200 NVL,143771,1007,0,0,34,98.36,2063872,53563,1621278,2.47,689
2026-09-01T09:42:45+00:00,NVIDIA H200 NVL,143771,903,43,1,36,125.05,2063872,53392,1621449,1.89,689
2026-09-01T09:43:15+00:00,NVIDIA H200 NVL,143771,903,43,1,36,125.27,2063872,53303,1621538,1.71,689
2026-09-01T09:43:45+00:00,NVIDIA H200 NVL,143771,903,0,0,34,98.31,2063872,53349,1621492,1.86,689
2026-09-01T09:44:15+00:00,NVIDIA H200 NVL,143771,903,0,0,34,97.93,2063872,53253,1621588,1.60,689
2026-09-01T09:44:45+00:00,NVIDIA H200 NVL,143771,903,0,0,33,97.86,2063872,55369,1619471,1.66,689
2026-09-01T09:45:15+00:00,NVIDIA H200 NVL,143771,883,20,0,35,116.48,2063872,53342,1621498,1.53,689
2026-09-01T09:45:45+00:00,NVIDIA H200 NVL,143771,883,6,0,35,107.10,2063872,53076,1621764,2.08,689
2026-09-01T09:46:15+00:00,NVIDIA H200 NVL,143771,883,0,0,34,98.28,2063872,53328,1621512,2.19,689
2026-09-01T09:46:45+00:00,NVIDIA H200 NVL,143771,883,0,0,34,98.11,2063872,53275,1621565,1.78,689
2026-09-01T09:47:15+00:00,NVIDIA H200 NVL,143771,883,0,0,33,97.93,2063872,55671,1619114,1.79,689
2026-09-01T09:47:46+00:00,NVIDIA H200 NVL,143771,883,0,0,34,98.02,2063872,56895,1617876,1.76,689
2026-09-01T09:48:16+00:00,NVIDIA H200 NVL,143771,883,0,0,34,98.02,2063872,57068,1617665,1.93,689
2026-09-01T09:48:46+00:00,NVIDIA H200 NVL,143771,883,0,0,34,98.20,2063872,57089,1617605,2.20,689
2026-09-01T09:49:16+00:00,NVIDIA H200 NVL,143771,883,0,0,34,98.29,2063872,57100,1617558,2.21,688
2026-09-01T09:49:46+00:00,NVIDIA H200 NVL,143771,883,0,0,35,98.19,2063872,57122,1617491,2.12,688
2026-09-01T09:50:16+00:00,NVIDIA H200 NVL,143771,883,0,0,35,98.76,2063872,57218,1617347,2.35,688
2026-09-01T09:50:46+00:00,NVIDIA H200 NVL,143771,883,0,0,35,98.44,2063872,57085,1617445,2.50,688
2026-09-01T09:51:16+00:00,NVIDIA H200 NVL,143771,883,0,0,35,98.51,2063872,57221,1617282,2.92,688
2026-09-01T09:51:46+00:00,NVIDIA H200 NVL,143771,883,0,0,35,98.50,2063872,57182,1617295,3.40,688
2026-09-01T09:52:16+00:00,NVIDIA H200 NVL,143771,883,0,0,35,98.55,2063872,57123,1617322,3.71,688
2026-09-01T09:52:46+00:00,NVIDIA H200 NVL,143771,883,0,0,35,98.43,2063872,57046,1617374,3.55,688
2026-09-01T09:53:16+00:00,NVIDIA H200 NVL,143771,883,0,0,34,98.12,2063872,57261,1617128,3.05,688
2026-09-01T09:53:46+00:00,NVIDIA H200 NVL,143771,883,0,0,34,98.26,2063872,57408,1616946,2.66,688
2026-09-01T09:54:16+00:00,NVIDIA H200 NVL,143771,883,0,0,34,98.23,2063872,57521,1616801,2.78,688
2026-09-01T09:54:46+00:00,NVIDIA H200 NVL,143771,883,0,0,34,98.37,2063872,57322,1616968,2.47,688
2026-09-01T09:55:16+00:00,NVIDIA H200 NVL,143771,883,0,0,34,98.04,2063872,57238,1617026,2.63,688
2026-09-01T09:55:46+00:00,NVIDIA H200 NVL,143771,1017,15,1,35,110.57,2063872,53335,1620918,2.33,688
2026-09-01T09:56:16+00:00,NVIDIA H200 NVL,143771,1003,13,1,35,107.74,2063872,53313,1620939,1.88,688
2026-09-01T09:56:46+00:00,NVIDIA H200 NVL,143771,1007,12,1,35,109.35,2063872,53281,1620971,1.53,688
2026-09-01T09:57:17+00:00,NVIDIA H200 NVL,143771,1007,41,1,36,124.36,2063872,53702,1620550,1.62,688
2026-09-01T09:57:47+00:00,NVIDIA H200 NVL,143771,903,0,0,36,108.42,2063872,53383,1620870,1.37,688
2026-09-01T09:58:17+00:00,NVIDIA H200 NVL,143771,903,0,0,35,98.24,2063872,53356,1620896,1.64,688
2026-09-01T09:58:47+00:00,NVIDIA H200 NVL,143771,881,20,0,35,116.16,2063872,53572,1620680,1.71,688
2026-09-01T09:59:17+00:00,NVIDIA H200 NVL,143771,881,0,0,35,98.65,2063872,53595,1620656,1.96,688
2026-09-01T09:59:47+00:00,NVIDIA H200 NVL,143771,881,0,0,34,98.34,2063872,53297,1620955,2.03,688
2026-09-01T10:00:17+00:00,NVIDIA H200 NVL,143771,881,0,0,34,98.43,2063872,56356,1617836,2.83,688
2026-09-01T10:00:47+00:00,NVIDIA H200 NVL,143771,881,0,0,34,98.26,2063872,57191,1616976,2.45,688
2026-09-01T10:01:17+00:00,NVIDIA H200 NVL,143771,881,0,0,34,98.39,2063872,57139,1616990,2.27,688
2026-09-01T10:01:48+00:00,NVIDIA H200 NVL,143771,881,0,0,34,97.93,2063872,57185,1616905,2.16,688
2026-09-01T10:02:18+00:00,NVIDIA H200 NVL,143771,881,0,0,34,97.88,2063872,57201,1616850,2.10,688
2026-09-01T10:02:48+00:00,NVIDIA H200 NVL,143771,881,0,0,34,98.02,2063872,57271,1616735,2.18,688
2026-09-01T10:03:18+00:00,NVIDIA H200 NVL,143771,881,0,0,34,98.06,2063872,57251,1616712,1.97,688
2026-09-01T10:03:48+00:00,NVIDIA H200 NVL,143771,881,0,0,34,97.99,2063872,57364,1616570,2.36,688
2026-09-01T10:04:18+00:00,NVIDIA H200 NVL,143771,881,0,0,34,98.02,2063872,57362,1616544,3.81,688
2026-09-01T10:04:48+00:00,NVIDIA H200 NVL,143771,881,0,0,34,97.78,2063872,57113,1616762,3.95,688
2026-09-01T10:05:18+00:00,NVIDIA H200 NVL,143771,881,0,0,34,97.87,2063872,57098,1616747,3.88,688
2026-09-01T10:05:48+00:00,NVIDIA H200 NVL,143771,881,0,0,34,97.99,2063872,57208,1616611,3.59,688
2026-09-01T10:06:18+00:00,NVIDIA H200 NVL,143771,881,0,0,34,98.06,2063872,57451,1616336,2.96,688
2026-09-01T10:06:48+00:00,NVIDIA H200 NVL,143771,881,0,0,34,97.96,2063872,56834,1616918,2.80,688
2026-09-01T10:07:18+00:00,NVIDIA H200 NVL,143771,881,0,0,34,97.78,2063872,57344,1616377,2.68,688
2026-09-01T10:07:48+00:00,NVIDIA H200 NVL,143771,881,0,0,34,97.91,2063872,57352,1616340,2.70,688
2026-09-01T10:08:18+00:00,NVIDIA H200 NVL,143771,881,0,0,34,97.98,2063872,57114,1616553,2.77,688
2026-09-01T10:08:48+00:00,NVIDIA H200 NVL,143771,1019,13,1,34,109.95,2063872,53383,1620282,2.30,688
2026-09-01T10:09:18+00:00,NVIDIA H200 NVL,143771,1021,12,1,35,108.61,2063872,53283,1620381,1.83,688
2026-09-01T10:09:48+00:00,NVIDIA H200 NVL,143771,1025,13,1,35,110.66,2063872,53297,1620368,1.50,688
2026-09-01T10:10:18+00:00,NVIDIA H200 NVL,143771,1025,0,0,34,98.33,2063872,53403,1620259,1.66,688
2026-09-01T10:10:49+00:00,NVIDIA H200 NVL,143771,1025,43,1,36,125.62,2063872,53272,1620391,1.51,688
2026-09-01T10:11:19+00:00,NVIDIA H200 NVL,143771,1025,0,0,34,98.45,2063872,53314,1620349,1.48,688
2026-09-01T10:11:49+00:00,NVIDIA H200 NVL,143771,1025,20,0,35,116.25,2063872,53541,1620122,1.49,688
2026-09-01T10:12:19+00:00,NVIDIA H200 NVL,143771,1025,0,0,34,98.31,2063872,55510,1618153,1.66,688
2026-09-01T10:12:49+00:00,NVIDIA H200 NVL,143771,1025,0,0,34,98.12,2063872,53396,1620267,1.46,688
2026-09-01T10:13:19+00:00,NVIDIA H200 NVL,143771,1025,0,0,34,98.13,2063872,56086,1617520,2.07,687
2026-09-01T10:13:49+00:00,NVIDIA H200 NVL,143771,1025,0,0,34,98.10,2063872,57084,1616499,2.18,687
2026-09-01T10:14:19+00:00,NVIDIA H200 NVL,143771,1025,0,0,33,97.76,2063872,57149,1616397,2.11,687
2026-09-01T10:14:49+00:00,NVIDIA H200 NVL,143771,1025,0,0,34,97.99,2063872,57193,1616315,2.32,687
2026-09-01T10:15:19+00:00,NVIDIA H200 NVL,143771,1025,0,0,34,97.73,2063872,57260,1616211,2.13,687
2026-09-01T10:15:49+00:00,NVIDIA H200 NVL,143771,1025,0,0,33,97.92,2063872,57148,1616278,2.08,687
2026-09-01T10:16:19+00:00,NVIDIA H200 NVL,143771,1025,0,0,33,97.92,2063872,57203,1616179,2.12,687
2026-09-01T10:16:49+00:00,NVIDIA H200 NVL,143771,1025,0,0,33,97.69,2063872,57048,1616302,2.45,687
2026-09-01T10:17:19+00:00,NVIDIA H200 NVL,143771,1025,0,0,33,97.97,2063872,57422,1615902,3.06,687
2026-09-01T10:17:49+00:00,NVIDIA H200 NVL,143771,1025,0,0,33,97.97,2063872,57407,1615892,3.43,687
2026-09-01T10:18:19+00:00,NVIDIA H200 NVL,143771,1025,0,0,33,97.72,2063872,57336,1615931,7.43,687
2026-09-01T10:18:49+00:00,NVIDIA H200 NVL,143771,1025,0,0,33,97.70,2063872,57190,1616050,5.81,687
2026-09-01T10:19:19+00:00,NVIDIA H200 NVL,143771,1025,0,0,33,97.85,2063872,57414,1615793,4.43,687
2026-09-01T10:19:49+00:00,NVIDIA H200 NVL,143771,1025,0,0,33,97.96,2063872,57209,1615966,15.73,687
2026-09-01T10:20:20+00:00,NVIDIA H200 NVL,143771,1025,0,0,33,97.88,2063872,57022,1616120,16.71,687
2026-09-01T10:20:50+00:00,NVIDIA H200 NVL,143771,1025,0,0,33,97.78,2063872,57203,1615906,10.92,687
2026-09-01T10:21:20+00:00,NVIDIA H200 NVL,143771,1025,0,0,33,97.71,2063872,57060,1616025,8.14,687
2026-09-01T10:21:50+00:00,NVIDIA H200 NVL,143771,1025,10,1,34,107.83,2063872,53233,1619847,5.43,687
2026-09-01T10:22:20+00:00,NVIDIA H200 NVL,143771,1025,12,1,34,108.72,2063872,53237,1619843,3.74,687
2026-09-01T10:22:50+00:00,NVIDIA H200 NVL,143771,1025,5,0,35,109.90,2063872,53355,1619725,2.81,687
2026-09-01T10:23:20+00:00,NVIDIA H200 NVL,143771,1025,0,0,34,98.21,2063872,53438,1619642,2.34,687
2026-09-01T10:23:50+00:00,NVIDIA H200 NVL,143771,1025,42,1,36,123.23,2063872,53323,1619757,1.81,687
2026-09-01T10:24:20+00:00,NVIDIA H200 NVL,143771,1025,0,0,34,98.22,2063872,53484,1619595,1.78,687
2026-09-01T10:24:50+00:00,NVIDIA H200 NVL,143771,1025,19,0,34,115.92,2063872,53754,1619325,1.93,687
2026-09-01T10:25:20+00:00,NVIDIA H200 NVL,143771,1025,0,0,34,98.55,2063872,54223,1618856,1.56,687
2026-09-01T10:25:50+00:00,NVIDIA H200 NVL,143771,1025,0,0,34,98.15,2063872,53239,1619840,1.65,687
2026-09-01T10:26:20+00:00,NVIDIA H200 NVL,143771,1025,0,0,34,97.91,2063872,53901,1619178,3.24,687
2026-09-01T10:26:50+00:00,NVIDIA H200 NVL,143771,1025,0,0,34,97.81,2063872,56131,1616947,3.13,687
2026-09-01T10:27:20+00:00,NVIDIA H200 NVL,143771,1017,13,1,34,110.64,2063872,54909,1618168,2.43,687
2026-09-01T10:27:50+00:00,NVIDIA H200 NVL,143771,1017,12,1,35,109.52,2063872,54803,1618275,1.95,687
2026-09-01T10:28:20+00:00,NVIDIA H200 NVL,143771,1017,12,1,35,110.30,2063872,54751,1618327,1.63,687
2026-09-01T10:28:50+00:00,NVIDIA H200 NVL,143771,1017,12,1,35,109.42,2063872,54733,1618345,1.56,687
2026-09-01T10:29:21+00:00,NVIDIA H200 NVL,143771,1017,0,0,34,98.32,2063872,53627,1619450,1.58,687
2026-09-01T10:29:51+00:00,NVIDIA H200 NVL,143771,1017,0,0,34,97.99,2063872,54700,1618376,1.74,687
2026-09-01T10:30:21+00:00,NVIDIA H200 NVL,143771,905,42,1,35,124.52,2063872,54733,1618341,2.06,687
2026-09-01T10:30:51+00:00,NVIDIA H200 NVL,143771,905,43,1,36,124.99,2063872,54645,1618430,1.64,687
2026-09-01T10:31:21+00:00,NVIDIA H200 NVL,143771,905,0,0,34,98.54,2063872,53856,1619218,1.88,687
2026-09-01T10:31:51+00:00,NVIDIA H200 NVL,143771,905,0,0,34,98.06,2063872,56174,1616900,2.21,687
2026-09-01T10:32:21+00:00,NVIDIA H200 NVL,143771,905,0,0,34,98.29,2063872,54328,1618746,1.73,687
2026-09-01T10:32:52+00:00,NVIDIA H200 NVL,143771,905,0,0,34,98.24,2063872,54122,1618952,5.35,687
2026-09-01T10:33:22+00:00,NVIDIA H200 NVL,143771,905,0,0,34,98.03,2063872,54107,1618967,3.63,687
2026-09-01T10:33:52+00:00,NVIDIA H200 NVL,143771,905,0,0,34,98.02,2063872,54088,1618985,2.59,687
2026-09-01T10:34:22+00:00,NVIDIA H200 NVL,143771,905,0,0,34,97.93,2063872,54077,1618997,2.04,687
2026-09-01T10:34:52+00:00,NVIDIA H200 NVL,143771,905,0,0,34,97.98,2063872,54073,1619001,8.70,687
2026-09-01T10:35:22+00:00,NVIDIA H200 NVL,143771,905,0,0,34,98.00,2063872,54070,1619004,5.79,687
2026-09-01T10:35:52+00:00,NVIDIA H200 NVL,143771,905,0,0,34,97.97,2063872,54062,1619012,4.06,687
2026-09-01T10:36:22+00:00,NVIDIA H200 NVL,143771,905,0,0,34,98.01,2063872,54065,1619009,2.91,687
2026-09-01T10:36:52+00:00,NVIDIA H200 NVL,143771,905,0,0,34,98.00,2063872,54058,1619016,2.16,687
2026-09-01T10:37:22+00:00,NVIDIA H200 NVL,143771,905,0,0,34,97.97,2063872,53823,1619250,2.35,687
2026-09-01T10:37:52+00:00,NVIDIA H200 NVL,143771,905,0,0,34,98.05,2063872,56254,1616818,2.32,687
2026-09-01T10:38:22+00:00,NVIDIA H200 NVL,143771,881,20,0,35,115.95,2063872,54887,1618186,1.95,687
2026-09-01T10:38:52+00:00,NVIDIA H200 NVL,143771,881,0,0,34,98.14,2063872,55968,1617103,1.82,687
2026-09-01T10:39:22+00:00,NVIDIA H200 NVL,143771,881,0,0,34,98.35,2063872,54281,1618790,2.49,687
2026-09-01T10:39:52+00:00,NVIDIA H200 NVL,143771,881,0,0,34,98.31,2063872,54430,1618641,2.15,687
2026-09-01T10:40:22+00:00,NVIDIA H200 NVL,143771,881,0,0,34,98.28,2063872,54203,1618866,1.88,687
2026-09-01T10:40:52+00:00,NVIDIA H200 NVL,143771,881,0,0,34,97.89,2063872,54146,1618925,2.07,687
2026-09-01T10:41:22+00:00,NVIDIA H200 NVL,143771,881,0,0,34,97.97,2063872,54125,1618945,1.65,687
2026-09-01T10:41:52+00:00,NVIDIA H200 NVL,143771,881,0,0,34,98.04,2063872,54072,1618998,1.72,687
2026-09-01T10:42:23+00:00,NVIDIA H200 NVL,143771,881,0,0,34,97.79,2063872,54060,1619010,1.43,687
2026-09-01T10:42:53+00:00,NVIDIA H200 NVL,143771,881,0,0,33,98.01,2063872,54058,1619012,1.51,687
2026-09-01T10:43:23+00:00,NVIDIA H200 NVL,143771,881,0,0,33,97.78,2063872,54047,1619023,1.37,687
2026-09-01T10:43:53+00:00,NVIDIA H200 NVL,143771,881,0,0,33,97.91,2063872,54039,1619031,1.22,687
2026-09-01T10:44:23+00:00,NVIDIA H200 NVL,143771,881,0,0,33,97.91,2063872,54032,1619039,1.13,687
2026-09-01T10:44:53+00:00,NVIDIA H200 NVL,143771,881,0,0,33,97.75,2063872,53516,1619553,1.30,687
2026-09-01T10:45:23+00:00,NVIDIA H200 NVL,143771,997,13,1,34,109.26,2063872,54121,1618948,1.18,687
2026-09-01T10:45:53+00:00,NVIDIA H200 NVL,143771,997,0,0,34,106.14,2063872,54983,1618085,6.23,687
2026-09-01T10:46:23+00:00,NVIDIA H200 NVL,143771,903,42,1,35,124.48,2063872,54485,1618583,4.75,687
2026-09-01T10:46:53+00:00,NVIDIA H200 NVL,143771,903,0,0,34,98.35,2063872,53415,1619653,3.55,687
2026-09-01T10:47:23+00:00,NVIDIA H200 NVL,143771,903,0,0,34,98.03,2063872,53959,1619108,2.79,687
2026-09-01T10:47:53+00:00,NVIDIA H200 NVL,143771,903,0,0,34,98.00,2063872,53871,1619196,2.22,687
2026-09-01T10:48:23+00:00,NVIDIA H200 NVL,143771,903,0,0,33,97.90,2063872,53874,1619194,1.87,687
2026-09-01T10:48:53+00:00,NVIDIA H200 NVL,143771,903,0,0,33,98.01,2063872,53859,1619208,1.66,687
2026-09-01T10:49:23+00:00,NVIDIA H200 NVL,143771,903,0,0,33,97.86,2063872,53836,1619231,1.79,687
2026-09-01T10:49:53+00:00,NVIDIA H200 NVL,143771,903,0,0,33,97.87,2063872,53809,1619258,1.72,687
2026-09-01T10:50:23+00:00,NVIDIA H200 NVL,143771,903,0,0,33,97.95,2063872,53881,1619186,1.95,687
2026-09-01T10:50:53+00:00,NVIDIA H200 NVL,143771,903,0,0,33,97.71,2063872,53733,1619334,2.00,687
2026-09-01T10:51:23+00:00,NVIDIA H200 NVL,143771,881,0,0,34,98.48,2063872,55550,1617517,1.74,687
2026-09-01T10:51:54+00:00,NVIDIA H200 NVL,143771,881,0,0,34,97.84,2063872,54033,1619033,1.73,687
2026-09-01T10:52:24+00:00,NVIDIA H200 NVL,143771,881,0,0,33,98.14,2063872,53880,1619186,1.80,687
2026-09-01T10:52:54+00:00,NVIDIA H200 NVL,143771,881,0,0,33,97.76,2063872,53868,1619198,1.70,687
2026-09-01T10:53:24+00:00,NVIDIA H200 NVL,143771,881,0,0,33,98.11,2063872,53846,1619220,1.42,687
2026-09-01T10:53:54+00:00,NVIDIA H200 NVL,143771,881,0,0,33,97.74,2063872,53837,1619229,1.40,687
2026-09-01T10:54:24+00:00,NVIDIA H200 NVL,143771,881,0,0,33,97.64,2063872,53815,1619252,1.24,687
2026-09-01T10:54:54+00:00,NVIDIA H200 NVL,143771,881,0,0,33,98.01,2063872,53803,1619264,1.35,687
2026-09-01T10:55:24+00:00,NVIDIA H200 NVL,143771,881,0,0,33,98.07,2063872,53867,1619198,1.53,687
2026-09-01T10:55:54+00:00,NVIDIA H200 NVL,143771,1015,13,1,34,109.18,2063872,54155,1618911,10.47,687
2026-09-01T10:56:24+00:00,NVIDIA H200 NVL,143771,1015,0,0,34,97.85,2063872,54681,1618384,7.38,687
2026-09-01T10:56:55+00:00,NVIDIA H200 NVL,143771,1015,0,0,34,98.00,2063872,53836,1619229,5.05,687
2026-09-01T10:57:25+00:00,NVIDIA H200 NVL,143771,1015,0,0,34,98.08,2063872,53953,1619112,3.45,687
2026-09-01T10:57:55+00:00,NVIDIA H200 NVL,143771,1015,0,0,34,97.79,2063872,53830,1619235,2.55,687
2026-09-01T10:58:25+00:00,NVIDIA H200 NVL,143771,1015,0,0,34,98.03,2063872,53819,1619246,2.10,687
2026-09-01T10:58:55+00:00,NVIDIA H200 NVL,143771,1015,0,0,34,97.77,2063872,53805,1619260,1.66,687
2026-09-01T10:59:25+00:00,NVIDIA H200 NVL,143771,1015,0,0,34,98.01,2063872,53787,1619278,1.53,687
2026-09-01T10:59:55+00:00,NVIDIA H200 NVL,143771,1015,0,0,34,97.82,2063872,53791,1619274,1.32,687
2026-09-01T11:00:25+00:00,NVIDIA H200 NVL,143771,1015,20,0,34,116.46,2063872,54382,1618681,1.55,687
2026-09-01T11:00:55+00:00,NVIDIA H200 NVL,143771,1015,0,0,34,98.16,2063872,54459,1618604,1.54,687
2026-09-01T11:01:25+00:00,NVIDIA H200 NVL,143771,1015,0,0,34,97.96,2063872,54047,1619017,1.48,687
2026-09-01T11:01:55+00:00,NVIDIA H200 NVL,143771,1015,0,0,34,97.99,2063872,53829,1619234,1.97,687
2026-09-01T11:02:25+00:00,NVIDIA H200 NVL,143771,1015,0,0,34,97.90,2063872,53792,1619271,1.80,687
2026-09-01T11:02:55+00:00,NVIDIA H200 NVL,143771,1015,0,0,34,97.86,2063872,53749,1619314,1.56,687
2026-09-01T11:03:25+00:00,NVIDIA H200 NVL,143771,1015,0,0,34,97.96,2063872,53713,1619351,1.34,687
2026-09-01T11:03:55+00:00,NVIDIA H200 NVL,143771,1015,0,0,34,97.83,2063872,53151,1619913,2.20,687
2026-09-01T11:04:25+00:00,NVIDIA H200 NVL,143771,1015,13,1,34,108.95,2063872,54523,1618541,7.75,687
2026-09-01T11:04:55+00:00,NVIDIA H200 NVL,143771,1015,0,0,34,98.11,2063872,53587,1619476,5.45,687
2026-09-01T11:05:25+00:00,NVIDIA H200 NVL,143771,1015,0,0,34,98.21,2063872,53550,1619512,4.89,687
2026-09-01T11:05:56+00:00,NVIDIA H200 NVL,143771,1015,0,0,34,98.01,2063872,53963,1619099,3.62,687
2026-09-01T11:06:26+00:00,NVIDIA H200 NVL,143771,1015,0,0,34,98.03,2063872,53885,1619177,2.73,687
2026-09-01T11:06:56+00:00,NVIDIA H200 NVL,143771,1015,0,0,34,98.13,2063872,53885,1619178,2.11,687
2026-09-01T11:07:26+00:00,NVIDIA H200 NVL,143771,1015,0,0,34,97.95,2063872,53849,1619214,1.67,687
2026-09-01T11:07:56+00:00,NVIDIA H200 NVL,143771,1015,0,0,34,97.88,2063872,53830,1619232,1.41,687
2026-09-01T11:08:26+00:00,NVIDIA H200 NVL,143771,1015,0,0,34,97.97,2063872,53819,1619243,1.30,687
2026-09-01T11:08:56+00:00,NVIDIA H200 NVL,143771,1015,0,0,34,97.98,2063872,55361,1617701,1.81,687
2026-09-01T11:09:26+00:00,NVIDIA H200 NVL,143771,1015,0,0,34,98.19,2063872,55217,1617844,1.99,687
2026-09-01T11:09:56+00:00,NVIDIA H200 NVL,143771,1015,0,0,34,98.03,2063872,53967,1619095,1.60,687
2026-09-01T11:10:26+00:00,NVIDIA H200 NVL,143771,1015,0,0,34,98.00,2063872,53749,1619312,1.48,687
2026-09-01T11:10:56+00:00,NVIDIA H200 NVL,143771,1015,0,0,34,98.11,2063872,53711,1619350,1.29,687
2026-09-01T11:11:26+00:00,NVIDIA H200 NVL,143771,1015,0,0,34,97.92,2063872,53704,1619357,1.30,687
2026-09-01T11:11:56+00:00,NVIDIA H200 NVL,143771,1015,0,0,34,98.05,2063872,53685,1619376,1.24,687
2026-09-01T11:12:26+00:00,NVIDIA H200 NVL,143771,1015,0,0,34,98.08,2063872,53687,1619374,1.41,687
2026-09-01T11:12:56+00:00,NVIDIA H200 NVL,143771,1015,14,1,34,102.92,2063872,54610,1618451,2.50,687
2026-09-01T11:13:26+00:00,NVIDIA H200 NVL,143771,1015,0,0,34,98.15,2063872,53659,1619402,1.91,687
2026-09-01T11:13:56+00:00,NVIDIA H200 NVL,143771,1015,0,0,34,98.15,2063872,53520,1619541,1.90,687
2026-09-01T11:14:26+00:00,NVIDIA H200 NVL,143771,1015,0,0,34,98.08,2063872,54060,1619000,1.76,687
2026-09-01T11:14:56+00:00,NVIDIA H200 NVL,143771,1015,0,0,34,98.05,2063872,53760,1619300,1.74,687
2026-09-01T11:15:27+00:00,NVIDIA H200 NVL,143771,1015,0,0,34,97.83,2063872,53760,1619300,1.44,687
2026-09-01T11:15:57+00:00,NVIDIA H200 NVL,143771,1015,0,0,34,97.95,2063872,53770,1619290,1.27,687
2026-09-01T11:16:27+00:00,NVIDIA H200 NVL,143771,1015,0,0,34,98.03,2063872,53744,1619316,1.16,687
2026-09-01T11:16:57+00:00,NVIDIA H200 NVL,143771,1015,0,0,34,97.66,2063872,53734,1619326,1.23,687
2026-09-01T11:17:27+00:00,NVIDIA H200 NVL,143771,1015,0,0,34,98.08,2063872,55377,1617683,1.38,687
2026-09-01T11:17:57+00:00,NVIDIA H200 NVL,143771,1015,0,0,34,97.97,2063872,55508,1617551,1.47,687
2026-09-01T11:18:27+00:00,NVIDIA H200 NVL,143771,1015,0,0,34,98.25,2063872,53927,1619133,1.36,687
2026-09-01T11:18:57+00:00,NVIDIA H200 NVL,143771,1015,0,0,34,97.73,2063872,53829,1619230,1.22,687
2026-09-01T11:19:27+00:00,NVIDIA H200 NVL,143771,1015,0,0,33,98.06,2063872,53805,1619254,1.21,687
2026-09-01T11:19:57+00:00,NVIDIA H200 NVL,143771,1015,0,0,34,97.78,2063872,53788,1619271,1.18,687
2026-09-01T11:20:27+00:00,NVIDIA H200 NVL,143771,1015,0,0,33,97.84,2063872,53752,1619307,1.47,687
2026-09-01T11:20:57+00:00,NVIDIA H200 NVL,143771,1015,0,0,33,98.03,2063872,53726,1619333,1.47,687
2026-09-01T11:21:27+00:00,NVIDIA H200 NVL,143771,1015,12,1,34,109.00,2063872,54196,1618863,1.51,687
2026-09-01T11:21:57+00:00,NVIDIA H200 NVL,143771,1001,13,1,34,108.23,2063872,53785,1619273,1.31,687
2026-09-01T11:22:27+00:00,NVIDIA H200 NVL,143771,1003,12,1,34,108.96,2063872,53655,1619403,1.18,687
2026-09-01T11:22:57+00:00,NVIDIA H200 NVL,143771,1007,12,1,34,107.75,2063872,53658,1619401,1.27,687
2026-09-01T11:23:27+00:00,NVIDIA H200 NVL,143771,1011,12,1,34,109.48,2063872,53660,1619399,1.28,687
2026-09-01T11:23:57+00:00,NVIDIA H200 NVL,143771,1013,13,1,35,109.08,2063872,53647,1619412,1.17,687
2026-09-01T11:24:28+00:00,NVIDIA H200 NVL,143771,1019,12,1,34,108.28,2063872,53641,1619417,1.10,687
2026-09-01T11:24:58+00:00,NVIDIA H200 NVL,143771,1023,12,1,35,107.99,2063872,53609,1619449,1.06,687
2026-09-01T11:25:28+00:00,NVIDIA H200 NVL,143771,1025,14,1,35,107.92,2063872,53616,1619442,1.09,687
2026-09-01T11:25:58+00:00,NVIDIA H200 NVL,143771,1031,12,1,35,106.54,2063872,53634,1619424,1.05,687
2026-09-01T11:26:28+00:00,NVIDIA H200 NVL,143771,1033,12,1,35,109.23,2063872,53604,1619454,1.17,687
2026-09-01T11:26:58+00:00,NVIDIA H200 NVL,143771,1037,14,1,35,108.59,2063872,53589,1619470,1.16,687
2026-09-01T11:27:28+00:00,NVIDIA H200 NVL,143771,1041,12,1,35,106.41,2063872,53641,1619418,1.10,687
2026-09-01T11:27:58+00:00,NVIDIA H200 NVL,143771,1045,12,1,35,109.64,2063872,53613,1619445,1.12,687
2026-09-01T11:28:28+00:00,NVIDIA H200 NVL,143771,1047,12,1,35,109.14,2063872,53596,1619462,1.12,687
2026-09-01T11:28:58+00:00,NVIDIA H200 NVL,143771,1049,10,1,35,106.97,2063872,53644,1619415,1.21,687
2026-09-01T11:29:28+00:00,NVIDIA H200 NVL,143771,1049,12,1,35,107.18,2063872,53591,1619467,1.25,687
2026-09-01T11:29:58+00:00,NVIDIA H200 NVL,143771,1055,13,1,35,108.78,2063872,53606,1619452,1.20,687
2026-09-01T11:30:29+00:00,NVIDIA H200 NVL,143771,903,42,1,35,127.15,2063872,54067,1618990,2.13,687
2026-09-01T11:30:59+00:00,NVIDIA H200 NVL,143771,903,42,1,36,124.51,2063872,53801,1619256,1.91,687
2026-09-01T11:31:29+00:00,NVIDIA H200 NVL,143771,903,41,1,36,124.24,2063872,53680,1619377,1.55,687
2026-09-01T11:31:59+00:00,NVIDIA H200 NVL,143771,903,42,1,36,119.92,2063872,53678,1619379,1.33,687
2026-09-01T11:32:29+00:00,NVIDIA H200 NVL,143771,903,42,1,36,117.98,2063872,53677,1619380,1.27,687
2026-09-01T11:32:59+00:00,NVIDIA H200 NVL,143771,901,41,1,36,124.71,2063872,53671,1619386,1.16,687
2026-09-01T11:33:29+00:00,NVIDIA H200 NVL,143771,901,0,0,35,98.45,2063872,53685,1619372,1.32,687
2026-09-01T11:33:59+00:00,NVIDIA H200 NVL,143771,901,0,0,34,98.32,2063872,53602,1619455,1.19,687
2026-09-01T11:34:29+00:00,NVIDIA H200 NVL,143771,901,0,0,34,98.05,2063872,53574,1619483,1.25,687
2026-09-01T11:34:59+00:00,NVIDIA H200 NVL,143771,901,0,0,34,98.24,2063872,53552,1619505,1.15,687
2026-09-01T11:35:29+00:00,NVIDIA H200 NVL,143771,901,0,0,34,98.06,2063872,53559,1619498,1.29,687
2026-09-01T11:35:59+00:00,NVIDIA H200 NVL,143771,901,0,0,34,97.77,2063872,53022,1620035,1.35,687
2026-09-01T11:36:29+00:00,NVIDIA H200 NVL,143771,885,20,0,35,115.90,2063872,53720,1619336,1.44,687
2026-09-01T11:36:59+00:00,NVIDIA H200 NVL,143771,887,20,0,35,117.08,2063872,53618,1619438,2.01,687
2026-09-01T11:37:29+00:00,NVIDIA H200 NVL,143771,887,19,0,35,116.15,2063872,53670,1619387,1.67,687
2026-09-01T11:37:59+00:00,NVIDIA H200 NVL,143771,889,20,0,36,117.02,2063872,53643,1619413,1.40,687
2026-09-01T11:38:29+00:00,NVIDIA H200 NVL,143771,891,0,0,35,99.60,2063872,53159,1619897,1.43,687
2026-09-01T11:38:59+00:00,NVIDIA H200 NVL,143771,891,0,0,34,98.47,2063872,53632,1619424,1.44,687
2026-09-01T11:39:29+00:00,NVIDIA H200 NVL,143771,891,0,0,34,98.02,2063872,53590,1619466,1.35,687
2026-09-01T11:40:00+00:00,NVIDIA H200 NVL,143771,891,0,0,34,98.24,2063872,53552,1619504,1.35,687
2026-09-01T11:40:30+00:00,NVIDIA H200 NVL,143771,891,0,0,34,98.13,2063872,53654,1619402,1.43,687
2026-09-01T11:41:00+00:00,NVIDIA H200 NVL,143771,891,0,0,34,97.96,2063872,53640,1619416,1.33,687
2026-09-01T11:41:30+00:00,NVIDIA H200 NVL,143771,1019,14,1,34,107.99,2063872,54366,1618689,5.56,687
2026-09-01T11:42:00+00:00,NVIDIA H200 NVL,143771,1019,14,1,34,109.17,2063872,54053,1619002,3.94,687
2026-09-01T11:42:30+00:00,NVIDIA H200 NVL,143771,1019,12,1,35,109.67,2063872,54001,1619054,2.85,687
2026-09-01T11:43:00+00:00,NVIDIA H200 NVL,143771,1019,12,1,35,108.61,2063872,53983,1619073,2.20,687
2026-09-01T11:43:30+00:00,NVIDIA H200 NVL,143771,1021,12,1,35,109.63,2063872,53988,1619068,1.72,687
2026-09-01T11:44:00+00:00,NVIDIA H200 NVL,143771,1021,12,1,35,110.43,2063872,53962,1619094,1.44,687
2026-09-01T11:44:30+00:00,NVIDIA H200 NVL,143771,1021,12,1,35,108.97,2063872,53942,1619114,1.47,687
2026-09-01T11:45:00+00:00,NVIDIA H200 NVL,143771,1023,13,1,35,109.96,2063872,54068,1618987,1.28,687
2026-09-01T11:45:30+00:00,NVIDIA H200 NVL,143771,1023,12,1,35,109.82,2063872,53918,1619138,1.17,687
2026-09-01T11:46:00+00:00,NVIDIA H200 NVL,143771,1023,12,1,35,110.06,2063872,53905,1619150,1.10,687
2026-09-01T11:46:30+00:00,NVIDIA H200 NVL,143771,1025,13,1,34,109.67,2063872,53904,1619152,1.27,687
2026-09-01T11:47:00+00:00,NVIDIA H200 NVL,143771,1025,13,1,34,109.09,2063872,53905,1619150,1.16,687
2026-09-01T11:47:30+00:00,NVIDIA H200 NVL,143771,1025,14,1,35,109.27,2063872,53872,1619183,1.10,687
2026-09-01T11:48:00+00:00,NVIDIA H200 NVL,143771,1029,17,1,34,101.59,2063872,54015,1619041,1.06,687
2026-09-01T11:48:30+00:00,NVIDIA H200 NVL,143771,1029,13,1,35,109.30,2063872,53904,1619151,1.03,687
2026-09-01T11:49:00+00:00,NVIDIA H200 NVL,143771,1029,13,1,34,109.61,2063872,53895,1619160,1.24,687
2026-09-01T11:49:31+00:00,NVIDIA H200 NVL,143771,1029,12,1,34,109.25,2063872,53898,1619157,1.60,687
2026-09-01T11:50:01+00:00,NVIDIA H200 NVL,143771,1029,0,0,34,98.36,2063872,54104,1618951,2.06,687
2026-09-01T11:50:31+00:00,NVIDIA H200 NVL,143771,1029,43,1,35,125.58,2063872,53976,1619079,8.94,687
2026-09-01T11:51:01+00:00,NVIDIA H200 NVL,143771,1029,42,1,36,125.40,2063872,53882,1619173,6.59,687
2026-09-01T11:51:31+00:00,NVIDIA H200 NVL,143771,1029,42,1,36,125.67,2063872,53902,1619153,11.22,687
2026-09-01T11:52:01+00:00,NVIDIA H200 NVL,143771,1029,42,1,36,125.55,2063872,53859,1619196,7.65,687
2026-09-01T11:52:31+00:00,NVIDIA H200 NVL,143771,1029,42,1,36,124.76,2063872,53951,1619104,11.61,687
2026-09-01T11:53:01+00:00,NVIDIA H200 NVL,143771,1029,43,1,36,125.33,2063872,53871,1619184,7.75,687
2026-09-01T11:53:31+00:00,NVIDIA H200 NVL,143771,1029,0,0,34,98.34,2063872,53689,1619366,5.80,687
2026-09-01T11:54:01+00:00,NVIDIA H200 NVL,143771,1029,0,0,34,97.96,2063872,53617,1619437,13.52,687
2026-09-01T11:54:31+00:00,NVIDIA H200 NVL,143771,1029,0,0,33,97.89,2063872,53610,1619444,8.89,687
2026-09-01T11:55:01+00:00,NVIDIA H200 NVL,143771,1029,0,0,33,97.81,2063872,53607,1619447,6.16,687
2026-09-01T11:55:31+00:00,NVIDIA H200 NVL,143771,1029,0,0,33,97.93,2063872,53588,1619467,10.87,687
2026-09-01T11:56:01+00:00,NVIDIA H200 NVL,143771,1029,20,0,34,116.33,2063872,54555,1618499,7.26,687
2026-09-01T11:56:31+00:00,NVIDIA H200 NVL,143771,1029,20,0,35,116.52,2063872,54175,1618880,4.79,687
2026-09-01T11:57:02+00:00,NVIDIA H200 NVL,143771,1029,20,0,35,116.46,2063872,53935,1619119,4.11,687
2026-09-01T11:57:32+00:00,NVIDIA H200 NVL,143771,1029,19,0,35,116.02,2063872,53978,1619076,3.02,687
2026-09-01T11:58:02+00:00,NVIDIA H200 NVL,143771,1029,20,0,35,116.54,2063872,53973,1619081,2.34,687
2026-09-01T11:58:32+00:00,NVIDIA H200 NVL,143771,1029,0,0,34,98.23,2063872,54157,1618897,2.13,687
2026-09-01T11:59:02+00:00,NVIDIA H200 NVL,143771,1029,0,0,34,98.29,2063872,53842,1619212,1.82,687
2026-09-01T11:59:32+00:00,NVIDIA H200 NVL,143771,1029,0,0,34,98.04,2063872,53700,1619354,1.55,687
2026-09-01T12:00:02+00:00,NVIDIA H200 NVL,143771,1029,0,0,34,97.78,2063872,54009,1619031,1.46,687
2026-09-01T12:00:32+00:00,NVIDIA H200 NVL,143771,1029,0,0,34,97.92,2063872,53677,1619377,1.33,687
2026-09-01T12:01:02+00:00,NVIDIA H200 NVL,143771,1029,0,0,33,98.00,2063872,53649,1619405,1.25,687
2026-09-01T12:01:32+00:00,NVIDIA H200 NVL,143771,1015,15,1,34,108.33,2063872,53489,1619564,1.34,687
2026-09-01T12:02:02+00:00,NVIDIA H200 NVL,143771,1015,12,1,34,108.71,2063872,53432,1619620,1.20,687
2026-09-01T12:02:32+00:00,NVIDIA H200 NVL,143771,999,13,1,35,108.84,2063872,53397,1619656,1.25,687
2026-09-01T12:03:02+00:00,NVIDIA H200 NVL,143771,1001,14,1,35,109.62,2063872,53446,1619607,1.52,687
2026-09-01T12:03:32+00:00,NVIDIA H200 NVL,143771,1001,12,1,35,109.62,2063872,53429,1619624,1.31,687
2026-09-01T12:04:02+00:00,NVIDIA H200 NVL,143771,1003,13,1,35,109.75,2063872,53456,1619597,1.93,687
2026-09-01T12:04:32+00:00,NVIDIA H200 NVL,143771,1003,13,1,35,108.83,2063872,53443,1619610,1.62,687
2026-09-01T12:05:02+00:00,NVIDIA H200 NVL,143771,1005,13,1,35,109.40,2063872,53439,1619613,2.08,687
2026-09-01T12:05:32+00:00,NVIDIA H200 NVL,143771,1009,13,1,35,110.03,2063872,53520,1619533,1.65,687
2026-09-01T12:06:02+00:00,NVIDIA H200 NVL,143771,1009,12,1,35,109.12,2063872,53456,1619597,1.45,687
2026-09-01T12:06:33+00:00,NVIDIA H200 NVL,143771,1011,12,1,35,108.31,2063872,53428,1619625,1.60,687
2026-09-01T12:07:03+00:00,NVIDIA H200 NVL,143771,1011,12,1,35,109.72,2063872,53444,1619609,1.43,687
2026-09-01T12:07:33+00:00,NVIDIA H200 NVL,143771,1015,13,1,35,109.54,2063872,53440,1619613,1.43,687
2026-09-01T12:08:03+00:00,NVIDIA H200 NVL,143771,1017,13,1,35,109.41,2063872,53452,1619601,1.33,687
2026-09-01T12:08:33+00:00,NVIDIA H200 NVL,143771,1017,14,1,35,109.34,2063872,53430,1619622,1.20,687
2026-09-01T12:09:03+00:00,NVIDIA H200 NVL,143771,1019,12,1,35,109.10,2063872,53410,1619642,1.18,687
2026-09-01T12:09:33+00:00,NVIDIA H200 NVL,143771,1019,13,1,35,108.27,2063872,53426,1619627,1.11,687
2026-09-01T12:10:03+00:00,NVIDIA H200 NVL,143771,1023,13,1,35,109.41,2063872,53774,1619276,1.45,687
2026-09-01T12:10:33+00:00,NVIDIA H200 NVL,143771,1025,13,1,35,108.85,2063872,53371,1619682,1.48,687
2026-09-01T12:11:03+00:00,NVIDIA H200 NVL,143771,1025,13,1,35,108.73,2063872,53358,1619694,1.44,687
2026-09-01T12:11:33+00:00,NVIDIA H200 NVL,143771,1029,12,1,35,109.34,2063872,53347,1619705,1.80,687
2026-09-01T12:12:03+00:00,NVIDIA H200 NVL,143771,1029,13,1,35,108.88,2063872,53341,1619712,1.82,687
2026-09-01T12:12:33+00:00,NVIDIA H200 NVL,143771,1031,12,1,35,109.23,2063872,53347,1619706,1.74,687
2026-09-01T12:13:03+00:00,NVIDIA H200 NVL,143771,1035,12,1,35,109.12,2063872,53370,1619682,1.64,687
2026-09-01T12:13:33+00:00,NVIDIA H200 NVL,143771,1035,12,1,35,108.72,2063872,53346,1619707,1.58,687
2026-09-01T12:14:03+00:00,NVIDIA H200 NVL,143771,1037,13,1,35,109.93,2063872,53345,1619708,1.62,687
2026-09-01T12:14:33+00:00,NVIDIA H200 NVL,143771,1037,13,1,35,109.16,2063872,53333,1619720,1.56,687
2026-09-01T12:15:03+00:00,NVIDIA H200 NVL,143771,1039,12,1,35,108.53,2063872,53334,1619719,1.58,687
2026-09-01T12:15:33+00:00,NVIDIA H200 NVL,143771,1043,14,1,35,110.28,2063872,53372,1619680,1.54,687
2026-09-01T12:16:04+00:00,NVIDIA H200 NVL,143771,1043,12,1,35,108.64,2063872,53338,1619715,1.70,687
2026-09-01T12:16:34+00:00,NVIDIA H200 NVL,143771,1045,12,1,35,110.21,2063872,53359,1619694,1.43,687
2026-09-01T12:17:04+00:00,NVIDIA H200 NVL,143771,1045,12,1,35,108.99,2063872,53345,1619707,1.34,687
2026-09-01T12:17:34+00:00,NVIDIA H200 NVL,143771,1049,13,1,35,109.67,2063872,53372,1619681,1.28,687
2026-09-01T12:18:04+00:00,NVIDIA H200 NVL,143771,1051,14,1,35,109.08,2063872,53373,1619679,1.65,687
2026-09-01T12:18:34+00:00,NVIDIA H200 NVL,143771,1051,12,1,35,110.26,2063872,53379,1619673,1.52,687
2026-09-01T12:19:04+00:00,NVIDIA H200 NVL,143771,1053,12,1,35,108.58,2063872,53380,1619673,1.39,687
2026-09-01T12:19:34+00:00,NVIDIA H200 NVL,143771,1057,12,1,35,108.85,2063872,53417,1619635,1.31,687
2026-09-01T12:20:04+00:00,NVIDIA H200 NVL,143771,1057,12,1,34,108.26,2063872,53582,1619468,1.26,687
2026-09-01T12:20:34+00:00,NVIDIA H200 NVL,143771,1059,13,1,34,107.58,2063872,53397,1619656,1.32,687
2026-09-01T12:21:04+00:00,NVIDIA H200 NVL,143771,1059,13,1,34,109.38,2063872,53387,1619666,1.19,687
2026-09-01T12:21:34+00:00,NVIDIA H200 NVL,143771,1061,12,1,34,108.85,2063872,53407,1619646,1.11,687
2026-09-01T12:22:04+00:00,NVIDIA H200 NVL,143771,1065,12,1,35,108.58,2063872,53436,1619616,1.18,687
2026-09-01T12:22:34+00:00,NVIDIA H200 NVL,143771,1065,12,1,34,108.78,2063872,53422,1619630,1.11,687
2026-09-01T12:23:04+00:00,NVIDIA H200 NVL,143771,1067,13,1,34,108.64,2063872,53424,1619628,1.13,687
2026-09-01T12:23:35+00:00,NVIDIA H200 NVL,143771,1067,13,1,34,108.16,2063872,53402,1619650,1.08,687
2026-09-01T12:24:05+00:00,NVIDIA H200 NVL,143771,1069,12,1,34,109.33,2063872,53421,1619631,1.05,687
2026-09-01T12:24:35+00:00,NVIDIA H200 NVL,143771,1073,12,1,34,107.37,2063872,53425,1619627,1.08,687
2026-09-01T12:25:05+00:00,NVIDIA H200 NVL,143771,1073,13,1,34,108.37,2063872,53430,1619622,1.05,687
2026-09-01T12:25:35+00:00,NVIDIA H200 NVL,143771,1075,14,1,34,107.60,2063872,53443,1619610,1.15,687
2026-09-01T12:26:05+00:00,NVIDIA H200 NVL,143771,1075,12,1,34,109.02,2063872,53435,1619617,1.28,687
2026-09-01T12:26:35+00:00,NVIDIA H200 NVL,143771,1077,12,1,34,109.48,2063872,53434,1619618,1.44,687
2026-09-01T12:27:05+00:00,NVIDIA H200 NVL,143771,1081,12,1,34,108.65,2063872,53470,1619582,9.19,687
2026-09-01T12:27:35+00:00,NVIDIA H200 NVL,143771,1081,13,1,34,110.00,2063872,53431,1619622,7.13,687
2026-09-01T12:28:05+00:00,NVIDIA H200 NVL,143771,1083,12,1,34,108.96,2063872,53432,1619620,4.80,687
2026-09-01T12:28:35+00:00,NVIDIA H200 NVL,143771,1083,13,1,34,109.38,2063872,53436,1619616,3.56,687
2026-09-01T12:29:05+00:00,NVIDIA H200 NVL,143771,1085,13,1,34,109.64,2063872,53452,1619600,2.84,687
2026-09-01T12:29:35+00:00,NVIDIA H200 NVL,143771,1089,13,1,34,108.12,2063872,53459,1619593,2.47,687
2026-09-01T12:30:05+00:00,NVIDIA H200 NVL,143771,1089,15,1,34,110.59,2063872,53616,1619434,11.26,687
2026-09-01T12:30:35+00:00,NVIDIA H200 NVL,143771,1091,10,1,34,108.85,2063872,53272,1619780,7.76,687
2026-09-01T12:31:05+00:00,NVIDIA H200 NVL,143771,1093,14,1,34,108.83,2063872,53288,1619764,5.38,687
2026-09-01T12:31:35+00:00,NVIDIA H200 NVL,143771,1093,12,1,35,108.53,2063872,53293,1619759,12.18,687
2026-09-01T12:32:05+00:00,NVIDIA H200 NVL,143771,1097,14,1,35,108.90,2063872,53335,1619717,13.66,687
2026-09-01T12:32:35+00:00,NVIDIA H200 NVL,143771,1097,12,1,35,108.84,2063872,53291,1619761,12.27,687
2026-09-01T12:33:06+00:00,NVIDIA H200 NVL,143771,1099,14,1,35,109.10,2063872,53305,1619747,8.10,687
2026-09-01T12:33:36+00:00,NVIDIA H200 NVL,143771,1101,13,1,35,108.77,2063872,53332,1619719,13.16,687
2026-09-01T12:34:06+00:00,NVIDIA H200 NVL,143771,1101,12,1,35,108.62,2063872,53310,1619742,23.45,687
2026-09-01T12:34:36+00:00,NVIDIA H200 NVL,143771,1101,0,0,34,98.29,2063872,53136,1619916,23.36,687
2026-09-01T12:35:06+00:00,NVIDIA H200 NVL,143771,901,41,1,36,123.48,2063872,53415,1619637,14.83,687
2026-09-01T12:35:36+00:00,NVIDIA H200 NVL,143771,901,35,1,36,122.95,2063872,53406,1619645,25.19,687
2026-09-01T12:36:06+00:00,NVIDIA H200 NVL,143771,901,42,1,36,122.95,2063872,53414,1619638,26.74,687
2026-09-01T12:36:36+00:00,NVIDIA H200 NVL,143771,901,37,1,36,124.64,2063872,53466,1619586,23.81,687
2026-09-01T12:37:06+00:00,NVIDIA H200 NVL,143771,901,40,1,36,124.15,2063872,53423,1619628,38.64,687
2026-09-01T12:37:36+00:00,NVIDIA H200 NVL,143771,901,52,1,36,127.19,2063872,53456,1619595,24.09,687
2026-09-01T12:38:06+00:00,NVIDIA H200 NVL,143771,901,42,1,36,123.57,2063872,53406,1619645,15.27,687
2026-09-01T12:38:36+00:00,NVIDIA H200 NVL,143771,901,42,1,36,124.30,2063872,53414,1619637,9.85,687
2026-09-01T12:39:06+00:00,NVIDIA H200 NVL,143771,901,42,1,36,123.86,2063872,53442,1619610,6.62,687
2026-09-01T12:39:36+00:00,NVIDIA H200 NVL,143771,901,42,1,36,123.50,2063872,53489,1619563,4.61,687
2026-09-01T12:40:06+00:00,NVIDIA H200 NVL,143771,901,42,1,36,125.31,2063872,53662,1619386,18.57,687
2026-09-01T12:40:36+00:00,NVIDIA H200 NVL,143771,901,42,1,36,123.82,2063872,53412,1619639,11.98,687
2026-09-01T12:41:06+00:00,NVIDIA H200 NVL,143771,901,42,1,36,124.66,2063872,53402,1619649,15.72,687
2026-09-01T12:41:36+00:00,NVIDIA H200 NVL,143771,901,39,1,36,123.92,2063872,53420,1619631,10.12,687
2026-09-01T12:42:06+00:00,NVIDIA H200 NVL,143771,901,43,1,36,123.35,2063872,53387,1619664,6.81,687
2026-09-01T12:42:37+00:00,NVIDIA H200 NVL,143771,901,41,1,36,112.40,2063872,53477,1619574,4.80,687
2026-09-01T12:43:07+00:00,NVIDIA H200 NVL,143771,901,42,1,36,126.17,2063872,53363,1619688,3.51,687
2026-09-01T12:43:37+00:00,NVIDIA H200 NVL,143771,903,43,1,36,125.41,2063872,53387,1619663,2.72,687
2026-09-01T12:44:07+00:00,NVIDIA H200 NVL,143771,903,42,1,36,125.52,2063872,53363,1619688,2.25,687
2026-09-01T12:44:37+00:00,NVIDIA H200 NVL,143771,903,43,1,36,124.80,2063872,53396,1619655,3.70,687
2026-09-01T12:45:07+00:00,NVIDIA H200 NVL,143771,903,42,1,36,123.57,2063872,53381,1619670,3.21,687
2026-09-01T12:45:37+00:00,NVIDIA H200 NVL,143771,903,39,1,36,120.44,2063872,53326,1619725,6.10,687
2026-09-01T12:46:07+00:00,NVIDIA H200 NVL,143771,903,0,0,34,98.35,2063872,53500,1619550,4.47,687
2026-09-01T12:46:37+00:00,NVIDIA H200 NVL,143771,903,0,0,34,98.03,2063872,53331,1619719,3.37,687
2026-09-01T12:47:08+00:00,NVIDIA H200 NVL,143771,881,20,0,34,108.92,2063872,53726,1619325,6.05,687
2026-09-01T12:47:38+00:00,NVIDIA H200 NVL,143771,881,19,0,35,116.08,2063872,53528,1619522,4.34,687
2026-09-01T12:48:08+00:00,NVIDIA H200 NVL,143771,881,20,0,35,116.57,2063872,53526,1619524,12.58,687
2026-09-01T12:48:38+00:00,NVIDIA H200 NVL,143771,883,0,0,35,107.66,2063872,53592,1619458,22.45,687
2026-09-01T12:49:08+00:00,NVIDIA H200 NVL,143771,883,20,0,35,116.58,2063872,53485,1619516,22.40,687
2026-09-01T12:49:38+00:00,NVIDIA H200 NVL,143771,885,20,0,35,116.79,2063872,53794,1618942,22.22,687
2026-09-01T12:50:08+00:00,NVIDIA H200 NVL,143771,885,20,0,35,119.07,2063872,54354,1618377,14.22,687
2026-09-01T12:50:38+00:00,NVIDIA H200 NVL,143771,887,19,0,35,115.99,2063872,54390,1618344,22.21,687
2026-09-01T12:51:08+00:00,NVIDIA H200 NVL,143771,887,20,0,35,116.22,2063872,54748,1617986,32.93,687
2026-09-01T12:51:38+00:00,NVIDIA H200 NVL,143771,887,20,0,35,115.88,2063872,55138,1617596,20.61,687
2026-09-01T12:52:08+00:00,NVIDIA H200 NVL,143771,889,3,0,35,110.58,2063872,55700,1616903,13.31,687
2026-09-01T12:52:38+00:00,NVIDIA H200 NVL,143771,889,20,0,35,116.55,2063872,55762,1616840,8.79,687
2026-09-01T12:53:08+00:00,NVIDIA H200 NVL,143771,891,20,0,35,116.93,2063872,56021,1616188,13.51,687
2026-09-01T12:53:38+00:00,NVIDIA H200 NVL,143771,891,20,0,35,116.43,2063872,56046,1616032,8.84,687
2026-09-01T12:54:08+00:00,NVIDIA H200 NVL,143771,893,20,0,35,116.71,2063872,56410,1615602,6.01,687
2026-09-01T12:54:38+00:00,NVIDIA H200 NVL,143771,893,20,0,35,116.31,2063872,56602,1615279,4.24,687
2026-09-01T12:55:08+00:00,NVIDIA H200 NVL,143771,893,20,0,35,116.65,2063872,56875,1614153,8.99,687
2026-09-01T12:55:38+00:00,NVIDIA H200 NVL,143771,895,20,0,35,105.36,2063872,55398,1612696,6.12,687
2026-09-01T12:56:08+00:00,NVIDIA H200 NVL,143771,895,0,0,34,98.30,2063872,54892,1612914,11.15,687
2026-09-01T12:56:39+00:00,NVIDIA H200 NVL,143771,895,0,0,34,98.09,2063872,54600,1613189,13.71,687
2026-09-01T12:57:09+00:00,NVIDIA H200 NVL,143771,895,0,0,34,97.84,2063872,54511,1613164,10.01,687
2026-09-01T12:57:39+00:00,NVIDIA H200 NVL,143771,995,12,1,34,108.47,2063872,54850,1612692,14.54,687
2026-09-01T12:58:09+00:00,NVIDIA H200 NVL,143771,999,12,1,34,108.11,2063872,54997,1612348,9.49,687
2026-09-01T12:58:39+00:00,NVIDIA H200 NVL,143771,1001,12,1,34,108.38,2063872,55218,1612128,6.40,687
2026-09-01T12:59:09+00:00,NVIDIA H200 NVL,143771,1003,14,1,34,109.35,2063872,55492,1611721,14.92,687
2026-09-01T12:59:39+00:00,NVIDIA H200 NVL,143771,1007,13,1,35,107.79,2063872,55742,1611357,9.83,687
2026-09-01T13:00:09+00:00,NVIDIA H200 NVL,143771,1011,13,1,35,108.19,2063872,56304,1610397,6.75,687
2026-09-01T13:00:39+00:00,NVIDIA H200 NVL,143771,1015,13,1,34,109.37,2063872,55886,1610359,4.89,687
2026-09-01T13:01:09+00:00,NVIDIA H200 NVL,143771,1017,12,1,34,109.02,2063872,55289,1609724,8.06,687
2026-09-01T13:01:39+00:00,NVIDIA H200 NVL,143771,1019,12,1,34,108.99,2063872,54923,1609235,16.27,687
2026-09-01T13:02:09+00:00,NVIDIA H200 NVL,143771,1023,11,1,34,108.64,2063872,54626,1609532,10.46,687
2026-09-01T13:02:39+00:00,NVIDIA H200 NVL,143771,1025,12,1,34,108.47,2063872,54401,1609662,7.02,687
2026-09-01T13:03:09+00:00,NVIDIA H200 NVL,143771,1031,12,1,34,108.84,2063872,54230,1609833,12.36,687
2026-09-01T13:03:39+00:00,NVIDIA H200 NVL,143771,1033,11,1,34,109.18,2063872,54019,1610044,14.25,687
2026-09-01T13:04:09+00:00,NVIDIA H200 NVL,143771,1035,12,1,34,108.08,2063872,54378,1609544,9.58,687
2026-09-01T13:04:39+00:00,NVIDIA H200 NVL,143771,1039,11,1,34,108.39,2063872,54489,1609400,23.82,687
2026-09-01T13:05:09+00:00,NVIDIA H200 NVL,143771,1041,12,1,34,108.80,2063872,53987,1609972,15.37,687
2026-09-01T13:05:40+00:00,NVIDIA H200 NVL,143771,1043,13,1,34,108.45,2063872,54118,1609841,17.32,687
2026-09-01T13:06:10+00:00,NVIDIA H200 NVL,143771,1049,14,1,34,106.79,2063872,54379,1609578,18.15,687
2026-09-01T13:06:40+00:00,NVIDIA H200 NVL,143771,1051,13,1,34,108.66,2063872,54057,1609900,11.79,687
2026-09-01T13:07:10+00:00,NVIDIA H200 NVL,143771,1053,13,1,34,107.90,2063872,54071,1609886,8.83,687
2026-09-01T13:07:40+00:00,NVIDIA H200 NVL,143771,1057,13,1,34,108.44,2063872,54066,1609892,6.01,687
2026-09-01T13:08:10+00:00,NVIDIA H200 NVL,143771,1059,14,1,34,108.00,2063872,54078,1609628,26.52,687
2026-09-01T13:08:40+00:00,NVIDIA H200 NVL,143771,1061,15,1,34,107.85,2063872,53959,1609747,22.79,687
2026-09-01T13:09:10+00:00,NVIDIA H200 NVL,143771,1065,18,1,34,109.31,2063872,53880,1609827,14.49,687
2026-09-01T13:09:40+00:00,NVIDIA H200 NVL,143771,1069,12,1,34,108.18,2063872,53875,1609832,17.04,687
2026-09-01T13:10:10+00:00,NVIDIA H200 NVL,143771,1073,12,1,35,108.75,2063872,54038,1609666,11.24,687
2026-09-01T13:10:40+00:00,NVIDIA H200 NVL,143771,1075,13,1,35,109.45,2063872,53895,1609811,11.93,687
2026-09-01T13:11:10+00:00,NVIDIA H200 NVL,143771,1077,18,1,35,113.65,2063872,53897,1609725,15.73,687
2026-09-01T13:11:40+00:00,NVIDIA H200 NVL,143771,1081,11,1,35,108.71,2063872,53865,1609839,16.20,687
2026-09-01T13:12:10+00:00,NVIDIA H200 NVL,143771,1083,1,0,35,106.83,2063872,54019,1609686,10.48,687
2026-09-01T13:12:40+00:00,NVIDIA H200 NVL,143771,1089,14,1,35,109.11,2063872,53850,1609854,14.06,687
2026-09-01T13:13:10+00:00,NVIDIA H200 NVL,143771,1091,11,1,35,108.13,2063872,53839,1609866,9.19,687
2026-09-01T13:13:40+00:00,NVIDIA H200 NVL,143771,1093,14,1,35,108.52,2063872,53862,1609534,6.22,687
2026-09-01T13:14:10+00:00,NVIDIA H200 NVL,143771,1097,15,1,35,109.02,2063872,53709,1609688,13.08,687
2026-09-01T13:14:41+00:00,NVIDIA H200 NVL,143771,1099,13,1,35,108.31,2063872,53536,1609777,8.51,687
2026-09-01T13:15:11+00:00,NVIDIA H200 NVL,143771,901,41,1,36,123.09,2063872,53709,1609604,16.80,687
2026-09-01T13:15:41+00:00,NVIDIA H200 NVL,143771,901,42,1,36,123.79,2063872,53840,1609390,10.82,687
2026-09-01T13:16:11+00:00,NVIDIA H200 NVL,143771,901,40,1,36,123.84,2063872,53602,1609496,14.18,687
2026-09-01T13:16:41+00:00,NVIDIA H200 NVL,143771,901,41,1,36,124.37,2063872,53603,1609495,14.09,687
2026-09-01T13:17:11+00:00,NVIDIA H200 NVL,143771,901,39,1,36,123.85,2063872,53603,1609381,9.18,687
2026-09-01T13:17:41+00:00,NVIDIA H200 NVL,143771,903,41,1,37,124.02,2063872,53516,1609468,13.69,687
2026-09-01T13:18:11+00:00,NVIDIA H200 NVL,143771,903,40,1,36,124.22,2063872,53580,1609404,15.57,687
2026-09-01T13:18:41+00:00,NVIDIA H200 NVL,143771,903,39,1,36,124.07,2063872,53536,1609448,12.19,687
2026-09-01T13:19:12+00:00,NVIDIA H200 NVL,143771,903,34,1,36,123.67,2063872,53596,1609161,15.72,687
2026-09-01T13:19:42+00:00,NVIDIA H200 NVL,143771,903,40,1,36,124.01,2063872,53511,1609180,15.41,687
2026-09-01T13:20:12+00:00,NVIDIA H200 NVL,143771,903,40,1,36,123.93,2063872,53927,1608697,10.20,687
2026-09-01T13:20:42+00:00,NVIDIA H200 NVL,143771,903,40,1,36,123.74,2063872,54186,1608439,6.76,687
2026-09-01T13:21:12+00:00,NVIDIA H200 NVL,143771,903,0,0,35,98.18,2063872,54581,1608044,4.98,687
2026-09-01T13:21:42+00:00,NVIDIA H200 NVL,143771,883,18,0,35,115.43,2063872,55170,1607323,11.41,687
2026-09-01T13:22:12+00:00,NVIDIA H200 NVL,143771,883,19,0,35,115.06,2063872,55377,1607116,7.68,687
2026-09-01T13:22:42+00:00,NVIDIA H200 NVL,143771,885,18,0,35,114.92,2063872,55711,1606782,14.10,687
2026-09-01T13:23:12+00:00,NVIDIA H200 NVL,143771,885,19,0,35,110.09,2063872,56057,1606304,9.27,687
2026-09-01T13:23:42+00:00,NVIDIA H200 NVL,143771,887,19,0,35,114.98,2063872,56278,1605996,12.71,687
2026-09-01T13:24:12+00:00,NVIDIA H200 NVL,143771,889,18,0,35,115.38,2063872,56577,1605697,16.70,687
2026-09-01T13:24:42+00:00,NVIDIA H200 NVL,143771,889,18,0,35,114.98,2063872,56993,1605215,26.27,687
2026-09-01T13:25:12+00:00,NVIDIA H200 NVL,143771,891,19,0,35,112.83,2063872,57389,1604753,23.64,687
2026-09-01T13:25:42+00:00,NVIDIA H200 NVL,143771,893,19,0,35,115.24,2063872,56988,1603774,15.07,687
2026-09-01T13:26:12+00:00,NVIDIA H200 NVL,143771,895,19,0,35,114.94,2063872,55095,1602906,24.09,687
2026-09-01T13:26:42+00:00,NVIDIA H200 NVL,143771,895,0,0,34,98.22,2063872,54680,1603123,15.78,687
2026-09-01T13:27:12+00:00,NVIDIA H200 NVL,143771,895,0,0,34,98.03,2063872,54358,1603182,11.02,687
2026-09-01T13:27:42+00:00,NVIDIA H200 NVL,143771,1023,11,1,34,108.56,2063872,54591,1602922,11.76,687
2026-09-01T13:28:12+00:00,NVIDIA H200 NVL,143771,1023,12,1,34,108.13,2063872,54557,1603224,20.59,687
2026-09-01T13:28:43+00:00,NVIDIA H200 NVL,143771,1023,11,1,34,110.14,2063872,54977,1603196,13.32,687
2026-09-01T13:29:13+00:00,NVIDIA H200 NVL,143771,1027,11,1,34,108.08,2063872,55343,1603203,8.71,687
2026-09-01T13:29:43+00:00,NVIDIA H200 NVL,143771,1029,11,1,34,108.39,2063872,55660,1603265,6.04,687
2026-09-01T13:30:13+00:00,NVIDIA H200 NVL,143771,1031,12,1,34,108.53,2063872,56144,1603044,4.52,687
2026-09-01T13:30:43+00:00,NVIDIA H200 NVL,143771,1035,11,1,34,109.34,2063872,56241,1603213,5.73,687
2026-09-01T13:31:13+00:00,NVIDIA H200 NVL,143771,1037,14,1,34,108.51,2063872,56533,1603222,7.33,687
2026-09-01T13:31:43+00:00,NVIDIA H200 NVL,143771,1039,12,1,34,108.31,2063872,56557,1603253,5.09,687
2026-09-01T13:32:13+00:00,NVIDIA H200 NVL,143771,1045,13,1,34,109.06,2063872,56940,1603195,3.81,687
2026-09-01T13:32:43+00:00,NVIDIA H200 NVL,143771,1047,12,1,35,109.27,2063872,56170,1602961,11.93,687
2026-09-01T13:33:13+00:00,NVIDIA H200 NVL,143771,1051,11,1,35,108.25,2063872,55234,1602521,13.07,687
2026-09-01T13:33:43+00:00,NVIDIA H200 NVL,143771,1053,12,1,35,108.85,2063872,54489,1603266,14.89,687
2026-09-01T13:34:13+00:00,NVIDIA H200 NVL,143771,1055,13,1,35,108.65,2063872,54134,1603424,9.69,687
2026-09-01T13:34:43+00:00,NVIDIA H200 NVL,143771,1057,13,1,35,108.21,2063872,53851,1603444,7.16,687
2026-09-01T13:35:13+00:00,NVIDIA H200 NVL,143771,1061,3,0,34,108.03,2063872,53782,1603513,13.39,687
2026-09-01T13:35:43+00:00,NVIDIA H200 NVL,143771,1065,11,1,34,107.97,2063872,53669,1603560,8.90,687
2026-09-01T13:36:13+00:00,NVIDIA H200 NVL,143771,1069,14,1,34,108.14,2063872,53732,1603336,6.03,687
2026-09-01T13:36:43+00:00,NVIDIA H200 NVL,143771,1071,13,1,34,108.44,2063872,53877,1603293,4.42,687
2026-09-01T13:37:13+00:00,NVIDIA H200 NVL,143771,1073,11,1,34,107.90,2063872,54211,1603320,3.51,687
2026-09-01T13:37:44+00:00,NVIDIA H200 NVL,143771,1077,11,1,34,107.91,2063872,54619,1603289,10.12,687
2026-09-01T13:38:14+00:00,NVIDIA H200 NVL,143771,1079,12,1,34,108.21,2063872,54983,1603300,23.95,687
2026-09-01T13:38:44+00:00,NVIDIA H200 NVL,143771,1085,11,1,34,106.39,2063872,55423,1603238,24.32,687
2026-09-01T13:39:14+00:00,NVIDIA H200 NVL,143771,1087,12,1,34,109.17,2063872,55692,1603279,15.61,687
2026-09-01T13:39:44+00:00,NVIDIA H200 NVL,143771,1089,13,1,34,107.69,2063872,56033,1603261,10.10,687
2026-09-01T13:40:14+00:00,NVIDIA H200 NVL,143771,1093,12,1,34,108.48,2063872,56257,1603420,11.88,687
2026-09-01T13:40:44+00:00,NVIDIA H200 NVL,143771,1095,13,1,34,108.95,2063872,56470,1603464,7.85,687
2026-09-01T13:41:14+00:00,NVIDIA H200 NVL,143771,1097,15,1,34,108.34,2063872,56334,1603525,11.41,687
2026-09-01T13:41:44+00:00,NVIDIA H200 NVL,143771,1101,14,1,34,108.57,2063872,55476,1602547,20.04,687
2026-09-01T13:42:14+00:00,NVIDIA H200 NVL,143771,1105,14,1,34,108.15,2063872,54884,1603139,12.80,687
2026-09-01T13:42:44+00:00,NVIDIA H200 NVL,143771,1109,11,1,34,108.11,2063872,54330,1603693,16.37,687
2026-09-01T13:43:14+00:00,NVIDIA H200 NVL,143771,1111,12,1,34,108.22,2063872,54068,1603341,13.62,687
2026-09-01T13:43:45+00:00,NVIDIA H200 NVL,143771,1115,11,1,34,108.46,2063872,54188,1603189,8.84,687
2026-09-01T13:44:15+00:00,NVIDIA H200 NVL,143771,1117,13,1,34,107.93,2063872,54460,1603290,6.00,687
2026-09-01T13:44:45+00:00,NVIDIA H200 NVL,143771,1119,11,1,34,107.63,2063872,54686,1603295,9.21,687
2026-09-01T13:45:15+00:00,NVIDIA H200 NVL,143771,1119,40,1,35,123.09,2063872,55141,1603191,14.09,687
2026-09-01T13:45:45+00:00,NVIDIA H200 NVL,143771,1119,39,1,35,116.42,2063872,55434,1603224,9.17,687
2026-09-01T13:46:15+00:00,NVIDIA H200 NVL,143771,1119,40,1,36,123.11,2063872,55699,1603277,6.46,687
2026-09-01T13:46:45+00:00,NVIDIA H200 NVL,143771,1119,40,1,36,123.97,2063872,56032,1603305,4.68,687
2026-09-01T13:47:15+00:00,NVIDIA H200 NVL,143771,1119,39,1,36,123.82,2063872,56254,1603308,3.67,687
2026-09-01T13:47:45+00:00,NVIDIA H200 NVL,143771,1119,37,1,36,123.40,2063872,56700,1603266,2.91,687
2026-09-01T13:48:15+00:00,NVIDIA H200 NVL,143771,1119,40,1,36,119.24,2063872,57138,1603224,11.67,687
2026-09-01T13:48:45+00:00,NVIDIA H200 NVL,143771,1119,38,1,36,123.14,2063872,57385,1603283,7.78,687
2026-09-01T13:49:15+00:00,NVIDIA H200 NVL,143771,1119,42,1,36,121.27,2063872,56610,1603204,5.57,687
2026-09-01T13:49:45+00:00,NVIDIA H200 NVL,143771,1119,33,1,36,123.32,2063872,55171,1602964,9.03,687
2026-09-01T13:50:15+00:00,NVIDIA H200 NVL,143771,1119,41,1,36,123.09,2063872,54924,1603012,11.38,687
2026-09-01T13:50:45+00:00,NVIDIA H200 NVL,143771,1119,41,1,36,123.61,2063872,54826,1603112,7.61,687
2026-09-01T13:51:15+00:00,NVIDIA H200 NVL,143771,1119,0,0,35,98.33,2063872,54887,1603146,9.05,687
2026-09-01T13:51:45+00:00,NVIDIA H200 NVL,143771,1119,19,0,35,114.26,2063872,55427,1602925,12.94,687
2026-09-01T13:52:15+00:00,NVIDIA H200 NVL,143771,1119,16,0,35,113.46,2063872,55170,1603203,8.48,687
2026-09-01T13:52:45+00:00,NVIDIA H200 NVL,143771,1119,18,0,35,113.95,2063872,55460,1603168,19.03,687
2026-09-01T13:53:16+00:00,NVIDIA H200 NVL,143771,1119,14,0,35,113.31,2063872,55751,1603237,16.04,687
2026-09-01T13:53:46+00:00,NVIDIA H200 NVL,143771,1119,19,0,35,114.93,2063872,55525,1603526,10.46,687
2026-09-01T13:54:16+00:00,NVIDIA H200 NVL,143771,1119,15,0,35,113.49,2063872,54858,1602757,6.92,687
2026-09-01T13:54:46+00:00,NVIDIA H200 NVL,143771,1119,17,0,35,114.16,2063872,54071,1603132,5.03,687
2026-09-01T13:55:16+00:00,NVIDIA H200 NVL,143771,1119,19,0,35,115.07,2063872,54021,1603319,3.77,687
2026-09-01T13:55:46+00:00,NVIDIA H200 NVL,143771,1119,16,0,35,115.35,2063872,54267,1603209,2.92,687
2026-09-01T13:56:16+00:00,NVIDIA H200 NVL,143771,1119,18,0,35,114.04,2063872,54680,1603154,2.50,687
2026-09-01T13:56:46+00:00,NVIDIA H200 NVL,143771,1119,0,0,34,98.03,2063872,54935,1603195,2.60,687
2026-09-01T13:57:16+00:00,NVIDIA H200 NVL,143771,1119,0,0,34,98.39,2063872,55175,1603281,3.15,687
2026-09-01T13:57:46+00:00,NVIDIA H200 NVL,143771,1119,12,1,34,108.20,2063872,55735,1603101,9.11,687
2026-09-01T13:58:16+00:00,NVIDIA H200 NVL,143771,1119,10,1,35,109.47,2063872,56040,1603130,5.85,687
2026-09-01T13:58:46+00:00,NVIDIA H200 NVL,143771,1119,11,1,35,109.00,2063872,56307,1603171,13.31,687
2026-09-01T13:59:16+00:00,NVIDIA H200 NVL,143771,1119,9,1,35,107.44,2063872,56641,1603094,15.83,687
2026-09-01T13:59:46+00:00,NVIDIA H200 NVL,143771,1119,11,1,35,107.30,2063872,56573,1603266,20.56,687
2026-09-01T14:00:16+00:00,NVIDIA H200 NVL,143771,1119,14,1,34,108.31,2063872,56172,1603249,13.59,687
2026-09-01T14:00:46+00:00,NVIDIA H200 NVL,143771,1119,13,1,34,108.50,2063872,54365,1603074,11.96,687
2026-09-01T14:01:16+00:00,NVIDIA H200 NVL,143771,1119,11,1,34,107.65,2063872,54165,1603143,7.97,687
2026-09-01T14:01:46+00:00,NVIDIA H200 NVL,143771,1119,13,1,35,107.60,2063872,54252,1603147,5.36,687
2026-09-01T14:02:17+00:00,NVIDIA H200 NVL,143771,1119,12,1,35,108.74,2063872,54252,1603250,8.38,687
2026-09-01T14:02:47+00:00,NVIDIA H200 NVL,143771,1119,17,1,34,106.33,2063872,54666,1603205,5.59,687
2026-09-01T14:03:17+00:00,NVIDIA H200 NVL,143771,1119,12,1,34,108.15,2063872,54952,1603231,3.86,687
2026-09-01T14:03:47+00:00,NVIDIA H200 NVL,143771,1119,11,1,34,107.92,2063872,55213,1603226,9.90,687
2026-09-01T14:04:17+00:00,NVIDIA H200 NVL,143771,1119,12,1,35,108.51,2063872,55566,1603229,6.74,687
2026-09-01T14:04:47+00:00,NVIDIA H200 NVL,143771,1119,15,1,34,107.75,2063872,55914,1603262,4.68,687
2026-09-01T14:05:17+00:00,NVIDIA H200 NVL,143771,1119,12,1,34,108.26,2063872,56014,1603241,3.30,687
2026-09-01T14:05:47+00:00,NVIDIA H200 NVL,143771,1119,12,1,34,108.96,2063872,55698,1603191,2.56,687
2026-09-01T14:06:17+00:00,NVIDIA H200 NVL,143771,1119,11,1,34,108.50,2063872,54437,1602861,2.20,687
2026-09-01T14:06:47+00:00,NVIDIA H200 NVL,143771,1119,14,1,34,107.41,2063872,54079,1603044,1.87,687
2026-09-01T14:07:17+00:00,NVIDIA H200 NVL,143771,1119,11,1,34,108.81,2063872,54135,1603295,1.58,687
2026-09-01T14:07:47+00:00,NVIDIA H200 NVL,143771,1119,12,1,34,108.99,2063872,54291,1603279,1.35,687
2026-09-01T14:08:17+00:00,NVIDIA H200 NVL,143771,1119,13,1,34,108.55,2063872,54717,1603226,1.91,687
2026-09-01T14:08:47+00:00,NVIDIA H200 NVL,143771,1119,12,1,34,108.45,2063872,55064,1603256,1.74,687
2026-09-01T14:09:17+00:00,NVIDIA H200 NVL,143771,1119,11,1,34,108.12,2063872,55459,1603242,1.52,687
2026-09-01T14:09:48+00:00,NVIDIA H200 NVL,143771,1119,12,1,34,108.83,2063872,55921,1603146,5.99,687
2026-09-01T14:10:18+00:00,NVIDIA H200 NVL,143771,1119,14,1,34,108.02,2063872,56129,1603250,4.24,687
2026-09-01T14:10:48+00:00,NVIDIA H200 NVL,143771,1119,13,1,34,108.75,2063872,56447,1603244,3.08,687
2026-09-01T14:11:18+00:00,NVIDIA H200 NVL,143771,1119,12,1,34,108.37,2063872,56597,1603298,2.45,687
2026-09-01T14:11:48+00:00,NVIDIA H200 NVL,143771,1119,14,1,34,108.53,2063872,56505,1603528,2.10,687
2026-09-01T14:12:18+00:00,NVIDIA H200 NVL,143771,1119,14,1,34,108.66,2063872,55847,1603447,1.66,687
2026-09-01T14:12:48+00:00,NVIDIA H200 NVL,143771,1119,12,1,34,108.77,2063872,55163,1602073,1.60,687
2026-09-01T14:13:18+00:00,NVIDIA H200 NVL,143771,1119,13,1,34,108.44,2063872,54699,1602484,1.63,687
2026-09-01T14:13:48+00:00,NVIDIA H200 NVL,143771,1119,12,1,34,108.11,2063872,54255,1603169,1.38,687
2026-09-01T14:14:18+00:00,NVIDIA H200 NVL,143771,1119,14,1,34,108.43,2063872,54319,1603227,1.23,687
2026-09-01T14:14:48+00:00,NVIDIA H200 NVL,143771,1119,12,1,34,107.88,2063872,54654,1603211,1.14,687
2026-09-01T14:15:18+00:00,NVIDIA H200 NVL,143771,1119,40,1,35,124.40,2063872,55594,1602656,1.54,687
2026-09-01T14:15:48+00:00,NVIDIA H200 NVL,143771,1119,39,1,35,123.12,2063872,55642,1602985,1.33,687
2026-09-01T14:16:18+00:00,NVIDIA H200 NVL,143771,1119,40,1,35,122.31,2063872,55778,1603134,2.37,687
2026-09-01T14:16:49+00:00,NVIDIA H200 NVL,143771,1119,40,1,36,122.35,2063872,56150,1603128,2.08,687
2026-09-01T14:17:19+00:00,NVIDIA H200 NVL,143771,1119,39,1,36,122.87,2063872,56552,1603096,1.71,687
2026-09-01T14:17:49+00:00,NVIDIA H200 NVL,143771,1119,41,1,36,123.02,2063872,56860,1603171,1.43,687
2026-09-01T14:18:19+00:00,NVIDIA H200 NVL,143771,1119,0,0,35,115.10,2063872,57035,1603142,1.47,687
2026-09-01T14:18:49+00:00,NVIDIA H200 NVL,143771,1119,40,1,36,123.10,2063872,56631,1603287,1.41,687
2026-09-01T14:19:19+00:00,NVIDIA H200 NVL,143771,1119,39,1,36,122.71,2063872,54913,1602459,1.61,687
2026-09-01T14:19:49+00:00,NVIDIA H200 NVL,143771,1119,40,1,36,123.02,2063872,54325,1602814,1.59,687
2026-09-01T14:20:19+00:00,NVIDIA H200 NVL,143771,1119,40,1,36,122.20,2063872,54080,1603199,1.54,687
2026-09-01T14:20:49+00:00,NVIDIA H200 NVL,143771,1119,41,1,36,123.83,2063872,54399,1603200,1.51,687
2026-09-01T14:21:19+00:00,NVIDIA H200 NVL,143771,1119,0,0,34,98.21,2063872,54998,1602989,1.81,687
2026-09-01T14:21:49+00:00,NVIDIA H200 NVL,143771,1119,0,0,34,98.22,2063872,55282,1603084,5.74,687
2026-09-01T14:22:19+00:00,NVIDIA H200 NVL,143771,1119,19,0,35,114.81,2063872,55948,1602794,4.48,687
2026-09-01T14:22:49+00:00,NVIDIA H200 NVL,143771,1119,18,0,35,109.56,2063872,56071,1602980,3.49,687
2026-09-01T14:23:19+00:00,NVIDIA H200 NVL,143771,1119,19,0,35,116.27,2063872,56226,1603093,2.97,687
2026-09-01T14:23:49+00:00,NVIDIA H200 NVL,143771,1119,19,0,35,115.27,2063872,56586,1603076,2.61,687
2026-09-01T14:24:19+00:00,NVIDIA H200 NVL,143771,1119,19,0,35,110.09,2063872,56829,1603027,2.25,687
2026-09-01T14:24:49+00:00,NVIDIA H200 NVL,143771,1119,19,0,35,116.03,2063872,57022,1603108,5.30,687
2026-09-01T14:25:19+00:00,NVIDIA H200 NVL,143771,1119,19,0,35,115.46,2063872,56087,1603171,3.87,687
2026-09-01T14:25:50+00:00,NVIDIA H200 NVL,143771,1119,19,0,35,115.46,2063872,55115,1602761,3.05,687
2026-09-01T14:26:20+00:00,NVIDIA H200 NVL,143771,1119,18,0,35,115.42,2063872,54897,1602670,2.25,687
2026-09-01T14:26:50+00:00,NVIDIA H200 NVL,143771,1119,0,0,34,98.39,2063872,54940,1602588,2.12,687
2026-09-01T14:27:20+00:00,NVIDIA H200 NVL,143771,1119,0,0,34,98.26,2063872,55005,1602911,2.00,687
2026-09-01T14:27:50+00:00,NVIDIA H200 NVL,143771,1119,0,0,34,97.95,2063872,57470,1600821,3.09,687
2026-09-01T14:28:20+00:00,NVIDIA H200 NVL,143771,1119,32,2,34,115.24,2063872,56549,1602130,3.31,687
2026-09-01T14:28:50+00:00,NVIDIA H200 NVL,143771,1119,12,1,34,109.14,2063872,56515,1602551,2.76,687
2026-09-01T14:29:20+00:00,NVIDIA H200 NVL,143771,1001,13,1,35,109.60,2063872,56867,1602592,2.19,687
2026-09-01T14:29:50+00:00,NVIDIA H200 NVL,143771,1001,12,1,35,109.24,2063872,57089,1602648,2.00,687
2026-09-01T14:30:20+00:00,NVIDIA H200 NVL,143771,1003,13,1,35,108.98,2063872,57280,1602692,1.86,687
2026-09-01T14:30:50+00:00,NVIDIA H200 NVL,143771,1005,12,1,35,109.14,2063872,57179,1602805,1.65,687
2026-09-01T14:31:20+00:00,NVIDIA H200 NVL,143771,1005,13,1,35,109.27,2063872,57451,1602754,1.52,687
2026-09-01T14:31:50+00:00,NVIDIA H200 NVL,143771,1009,15,1,35,108.95,2063872,57424,1602784,1.38,687
2026-09-01T14:32:20+00:00,NVIDIA H200 NVL,143771,1009,13,1,34,109.12,2063872,55982,1601508,1.23,687
2026-09-01T14:32:50+00:00,NVIDIA H200 NVL,143771,1011,12,1,35,108.64,2063872,55338,1601904,1.29,687
2026-09-01T14:33:20+00:00,NVIDIA H200 NVL,143771,1013,12,1,35,109.24,2063872,55159,1602275,1.29,687
2026-09-01T14:33:50+00:00,NVIDIA H200 NVL,143771,1013,16,1,35,109.75,2063872,55270,1602427,1.18,687
2026-09-01T14:34:20+00:00,NVIDIA H200 NVL,143771,1017,14,1,36,108.74,2063872,55533,1602544,1.16,687
2026-09-01T14:34:50+00:00,NVIDIA H200 NVL,143771,1017,13,1,36,110.05,2063872,55788,1602663,1.23,687
2026-09-01T14:35:21+00:00,NVIDIA H200 NVL,143771,1019,14,1,36,109.91,2063872,56125,1602633,1.28,687
2026-09-01T14:35:51+00:00,NVIDIA H200 NVL,143771,1021,12,1,36,109.15,2063872,56460,1602624,1.24,687
2026-09-01T14:36:21+00:00,NVIDIA H200 NVL,143771,1021,12,1,37,110.60,2063872,56730,1602656,1.27,687
2026-09-01T14:36:51+00:00,NVIDIA H200 NVL,143771,1025,12,1,36,110.77,2063872,56947,1602704,1.22,687
2026-09-01T14:37:21+00:00,NVIDIA H200 NVL,143771,1027,13,1,36,109.72,2063872,57146,1602658,1.43,687
2026-09-01T14:37:51+00:00,NVIDIA H200 NVL,143771,1027,14,1,36,109.89,2063872,57285,1602676,1.39,687
2026-09-01T14:38:21+00:00,NVIDIA H200 NVL,143771,1029,34,2,36,128.23,2063872,56618,1602159,1.30,687
2026-09-01T14:38:51+00:00,NVIDIA H200 NVL,143771,1033,13,1,35,109.37,2063872,55051,1602316,1.45,687
2026-09-01T14:39:21+00:00,NVIDIA H200 NVL,143771,1033,12,1,35,110.79,2063872,54822,1602584,1.32,687
2026-09-01T14:39:51+00:00,NVIDIA H200 NVL,143771,1035,14,1,35,109.10,2063872,54901,1602686,1.25,687
2026-09-01T14:40:21+00:00,NVIDIA H200 NVL,143771,1035,12,1,35,109.98,2063872,55011,1602811,1.58,687
2026-09-01T14:40:51+00:00,NVIDIA H200 NVL,143771,1037,14,1,35,108.80,2063872,55120,1602878,1.42,687
2026-09-01T14:41:22+00:00,NVIDIA H200 NVL,143771,1041,12,1,35,109.04,2063872,55369,1602801,1.48,687
2026-09-01T14:41:52+00:00,NVIDIA H200 NVL,143771,1041,15,1,35,108.97,2063872,55807,1602733,1.48,687
2026-09-01T14:42:22+00:00,NVIDIA H200 NVL,143771,1043,15,1,35,109.87,2063872,56232,1602678,1.36,687
2026-09-01T14:42:52+00:00,NVIDIA H200 NVL,143771,1043,12,1,35,108.84,2063872,56579,1602710,1.54,687
2026-09-01T14:43:22+00:00,NVIDIA H200 NVL,143771,1047,12,1,35,109.18,2063872,56754,1602738,8.16,687
2026-09-01T14:43:52+00:00,NVIDIA H200 NVL,143771,1049,12,1,35,109.22,2063872,57157,1602716,5.39,687
2026-09-01T14:44:22+00:00,NVIDIA H200 NVL,143771,1049,13,1,35,109.23,2063872,57330,1602762,3.86,687
2026-09-01T14:44:52+00:00,NVIDIA H200 NVL,143771,1051,13,1,35,109.57,2063872,57412,1602818,2.81,687
2026-09-01T14:45:22+00:00,NVIDIA H200 NVL,143771,1051,14,1,35,109.78,2063872,56788,1602770,2.30,687
2026-09-01T14:45:52+00:00,NVIDIA H200 NVL,143771,1055,14,1,35,109.21,2063872,55379,1602336,2.07,687
2026-09-01T14:46:22+00:00,NVIDIA H200 NVL,143771,1057,12,1,35,108.73,2063872,55049,1602403,1.89,687
2026-09-01T14:46:52+00:00,NVIDIA H200 NVL,143771,1057,15,1,35,108.92,2063872,54811,1602590,1.67,687
2026-09-01T14:47:22+00:00,NVIDIA H200 NVL,143771,1059,13,1,35,108.96,2063872,55048,1602731,1.40,687
2026-09-01T14:47:52+00:00,NVIDIA H200 NVL,143771,1059,12,1,35,108.60,2063872,55449,1602660,1.30,687
2026-09-01T14:48:22+00:00,NVIDIA H200 NVL,143771,1063,14,1,35,108.83,2063872,55851,1602642,1.18,687
2026-09-01T14:48:52+00:00,NVIDIA H200 NVL,143771,1065,14,1,35,109.29,2063872,56180,1602642,1.11,687
2026-09-01T14:49:22+00:00,NVIDIA H200 NVL,143771,1065,12,1,35,108.78,2063872,56545,1602599,1.19,687
2026-09-01T14:49:52+00:00,NVIDIA H200 NVL,143771,1067,14,1,35,108.29,2063872,56861,1602648,1.24,687
2026-09-01T14:50:22+00:00,NVIDIA H200 NVL,143771,1067,12,1,35,109.18,2063872,57265,1602602,1.53,687
2026-09-01T14:50:53+00:00,NVIDIA H200 NVL,143771,1071,12,1,35,108.17,2063872,57517,1602616,1.39,687
2026-09-01T14:51:23+00:00,NVIDIA H200 NVL,143771,1073,12,1,34,109.52,2063872,56768,1602658,1.45,687
2026-09-01T14:51:53+00:00,NVIDIA H200 NVL,143771,1073,14,1,35,109.80,2063872,55507,1602341,1.41,687
2026-09-01T14:52:23+00:00,NVIDIA H200 NVL,143771,1077,13,1,35,110.10,2063872,55151,1602589,1.48,687
2026-09-01T14:52:53+00:00,NVIDIA H200 NVL,143771,1077,12,1,35,108.49,2063872,55214,1602783,1.36,687
2026-09-01T14:53:23+00:00,NVIDIA H200 NVL,143771,1079,12,1,35,109.10,2063872,55459,1602767,10.47,687
2026-09-01T14:53:53+00:00,NVIDIA H200 NVL,143771,1081,13,1,35,109.30,2063872,55820,1602771,6.74,687
2026-09-01T14:54:23+00:00,NVIDIA H200 NVL,143771,1081,13,1,34,108.98,2063872,56123,1602802,4.54,687
2026-09-01T14:54:53+00:00,NVIDIA H200 NVL,143771,1085,13,1,35,109.59,2063872,56430,1602763,3.15,687
2026-09-01T14:55:23+00:00,NVIDIA H200 NVL,143771,1087,12,1,34,108.29,2063872,56533,1602781,2.60,687
2026-09-01T14:55:53+00:00,NVIDIA H200 NVL,143771,1087,12,1,34,108.59,2063872,56980,1602724,2.19,687
2026-09-01T14:56:23+00:00,NVIDIA H200 NVL,143771,1091,14,1,35,108.46,2063872,57402,1602685,1.87,687
2026-09-01T14:56:53+00:00,NVIDIA H200 NVL,143771,1091,12,1,34,109.10,2063872,57494,1602739,1.60,687
2026-09-01T14:57:23+00:00,NVIDIA H200 NVL,143771,1093,12,1,34,109.38,2063872,57489,1602650,1.52,687
2026-09-01T14:57:53+00:00,NVIDIA H200 NVL,143771,1095,12,1,35,109.42,2063872,55797,1601686,1.39,687
2026-09-01T14:58:23+00:00,NVIDIA H200 NVL,143771,1095,14,1,34,109.09,2063872,54983,1602350,1.43,687
2026-09-01T14:58:53+00:00,NVIDIA H200 NVL,143771,1099,12,1,35,108.50,2063872,54870,1602667,1.45,687
2026-09-01T14:59:23+00:00,NVIDIA H200 NVL,143771,1099,34,2,35,125.60,2063872,55144,1602652,1.40,687
2026-09-01T14:59:53+00:00,NVIDIA H200 NVL,143771,1101,13,1,35,108.93,2063872,55564,1602624,1.32,687
2026-09-01T15:00:24+00:00,NVIDIA H200 NVL,143771,1103,14,1,35,108.41,2063872,55903,1602616,1.64,687
2026-09-01T15:00:54+00:00,NVIDIA H200 NVL,143771,1103,12,1,35,108.68,2063872,56244,1602646,1.52,687
2026-09-01T15:01:24+00:00,NVIDIA H200 NVL,143771,1103,0,0,34,98.25,2063872,57201,1602054,1.58,687
2026-09-01T15:01:54+00:00,NVIDIA H200 NVL,143771,1103,0,0,34,98.20,2063872,57439,1602199,1.79,687
2026-09-01T15:02:24+00:00,NVIDIA H200 NVL,143771,903,42,1,36,125.33,2063872,57503,1602531,1.69,687
2026-09-01T15:02:54+00:00,NVIDIA H200 NVL,143771,903,41,1,36,124.51,2063872,57807,1602566,1.79,687
2026-09-01T15:03:24+00:00,NVIDIA H200 NVL,143771,903,41,1,36,125.13,2063872,57893,1602625,1.54,687
2026-09-01T15:03:54+00:00,NVIDIA H200 NVL,143771,903,42,1,36,124.68,2063872,57571,1602895,1.58,687
2026-09-01T15:04:24+00:00,NVIDIA H200 NVL,143771,903,10,0,36,115.05,2063872,57150,1602474,1.35,687
2026-09-01T15:04:55+00:00,NVIDIA H200 NVL,143771,903,43,1,36,125.43,2063872,56520,1602447,1.37,687
2026-09-01T15:05:25+00:00,NVIDIA H200 NVL,143771,903,43,1,36,125.40,2063872,56407,1602417,1.43,687
2026-09-01T15:05:55+00:00,NVIDIA H200 NVL,143771,903,42,1,36,125.25,2063872,56523,1602626,1.39,687
2026-09-01T15:06:25+00:00,NVIDIA H200 NVL,143771,903,41,1,36,124.86,2063872,56362,1603023,1.52,687
2026-09-01T15:06:55+00:00,NVIDIA H200 NVL,143771,903,41,1,36,107.19,2063872,56789,1602596,1.44,687
2026-09-01T15:07:25+00:00,NVIDIA H200 NVL,143771,903,42,1,36,125.16,2063872,56977,1602658,1.33,687
2026-09-01T15:07:55+00:00,NVIDIA H200 NVL,143771,903,42,1,36,124.81,2063872,57233,1602694,1.26,687
2026-09-01T15:08:25+00:00,NVIDIA H200 NVL,143771,903,42,1,36,124.85,2063872,57016,1602946,1.22,687
2026-09-01T15:08:55+00:00,NVIDIA H200 NVL,143771,903,42,1,36,124.97,2063872,56567,1603089,1.21,687
2026-09-01T15:09:25+00:00,NVIDIA H200 NVL,143771,903,28,1,36,107.69,2063872,56651,1602742,1.25,687
2026-09-01T15:09:55+00:00,NVIDIA H200 NVL,143771,903,40,1,36,124.83,2063872,56038,1602598,1.21,687
2026-09-01T15:10:25+00:00,NVIDIA H200 NVL,143771,903,42,1,36,125.10,2063872,55130,1602257,1.42,687
2026-09-01T15:10:55+00:00,NVIDIA H200 NVL,143771,905,33,1,36,123.92,2063872,54834,1602633,4.58,687
2026-09-01T15:11:25+00:00,NVIDIA H200 NVL,143771,905,41,1,36,124.52,2063872,55095,1602676,3.17,687
2026-09-01T15:11:55+00:00,NVIDIA H200 NVL,143771,905,12,0,36,107.53,2063872,55504,1602586,2.39,687
2026-09-01T15:12:25+00:00,NVIDIA H200 NVL,143771,905,40,1,36,123.54,2063872,55839,1602622,1.84,687
2026-09-01T15:12:56+00:00,NVIDIA H200 NVL,143771,905,34,1,36,123.04,2063872,56145,1602628,1.74,687
2026-09-01T15:13:26+00:00,NVIDIA H200 NVL,143771,905,0,0,34,98.33,2063872,57051,1602076,2.93,687
2026-09-01T15:13:56+00:00,NVIDIA H200 NVL,143771,905,0,0,34,98.14,2063872,56908,1602513,2.61,687
2026-09-01T15:14:26+00:00,NVIDIA H200 NVL,143771,905,0,0,34,98.15,2063872,56907,1602697,2.05,687
2026-09-01T15:14:56+00:00,NVIDIA H200 NVL,143771,905,0,0,33,97.99,2063872,56933,1602698,1.78,687
2026-09-01T15:15:26+00:00,NVIDIA H200 NVL,143771,905,0,0,34,97.88,2063872,56919,1602800,1.65,687
2026-09-01T15:15:56+00:00,NVIDIA H200 NVL,143771,905,0,0,34,97.88,2063872,56317,1602611,1.67,687
2026-09-01T15:16:26+00:00,NVIDIA H200 NVL,143771,905,0,0,33,97.92,2063872,55507,1601963,2.21,687
2026-09-01T15:16:56+00:00,NVIDIA H200 NVL,143771,905,0,0,34,97.93,2063872,56918,1600401,2.59,687
2026-09-01T15:17:26+00:00,NVIDIA H200 NVL,143771,883,20,0,34,117.73,2063872,55238,1602342,2.25,687
2026-09-01T15:17:56+00:00,NVIDIA H200 NVL,143771,883,19,0,35,115.26,2063872,55443,1602517,1.89,687
2026-09-01T15:18:26+00:00,NVIDIA H200 NVL,143771,885,15,0,35,114.98,2063872,55860,1602480,1.68,687
2026-09-01T15:18:56+00:00,NVIDIA H200 NVL,143771,885,20,0,35,115.22,2063872,56197,1602512,1.61,687
2026-09-01T15:19:26+00:00,NVIDIA H200 NVL,143771,885,20,0,35,116.56,2063872,56484,1602468,1.43,687
2026-09-01T15:19:56+00:00,NVIDIA H200 NVL,143771,887,15,0,35,114.92,2063872,56869,1602466,1.36,687
2026-09-01T15:20:26+00:00,NVIDIA H200 NVL,143771,887,25,0,35,120.32,2063872,57062,1602659,1.41,687
2026-09-01T15:20:56+00:00,NVIDIA H200 NVL,143771,889,25,0,35,117.14,2063872,57038,1602860,1.83,687
2026-09-01T15:21:27+00:00,NVIDIA H200 NVL,143771,889,21,0,35,115.12,2063872,56826,1602592,1.64,687
2026-09-01T15:21:57+00:00,NVIDIA H200 NVL,143771,891,20,0,35,114.39,2063872,56489,1603001,1.38,687
2026-09-01T15:22:27+00:00,NVIDIA H200 NVL,143771,891,20,0,35,115.93,2063872,56766,1602723,1.34,687
2026-09-01T15:22:57+00:00,NVIDIA H200 NVL,143771,893,20,0,35,116.11,2063872,57210,1602633,1.41,687
2026-09-01T15:23:27+00:00,NVIDIA H200 NVL,143771,893,20,0,35,114.56,2063872,57598,1602623,1.25,687
2026-09-01T15:23:57+00:00,NVIDIA H200 NVL,143771,893,20,0,35,115.57,2063872,58029,1602577,1.25,687
2026-09-01T15:24:27+00:00,NVIDIA H200 NVL,143771,895,20,0,35,114.74,2063872,58420,1602563,1.22,687
2026-09-01T15:24:57+00:00,NVIDIA H200 NVL,143771,895,20,0,35,115.74,2063872,58758,1602527,1.31,687
2026-09-01T15:25:27+00:00,NVIDIA H200 NVL,143771,895,20,0,35,116.90,2063872,59149,1602516,1.39,687
2026-09-01T15:25:57+00:00,NVIDIA H200 NVL,143771,897,5,0,35,113.41,2063872,59035,1602789,1.23,687
2026-09-01T15:26:27+00:00,NVIDIA H200 NVL,143771,897,0,0,34,98.05,2063872,59449,1601662,1.93,687
2026-09-01T15:26:57+00:00,NVIDIA H200 NVL,143771,897,0,0,34,97.92,2063872,57440,1601130,2.15,687
2026-09-01T15:27:27+00:00,NVIDIA H200 NVL,143771,897,0,0,33,97.72,2063872,55486,1601921,1.70,687
2026-09-01T15:27:57+00:00,NVIDIA H200 NVL,143771,897,0,0,33,98.08,2063872,54958,1602520,1.47,687
2026-09-01T15:28:27+00:00,NVIDIA H200 NVL,143771,897,0,0,33,97.59,2063872,54808,1602769,1.43,687
2026-09-01T15:28:57+00:00,NVIDIA H200 NVL,143771,897,0,0,33,97.79,2063872,55080,1602747,1.43,687
2026-09-01T15:29:27+00:00,NVIDIA H200 NVL,143771,897,0,0,33,98.00,2063872,54929,1603242,3.89,687
2026-09-01T15:29:57+00:00,NVIDIA H200 NVL,143771,897,0,0,33,98.04,2063872,57683,1600794,3.62,687
2026-09-01T15:30:27+00:00,NVIDIA H200 NVL,143771,1025,12,1,34,108.65,2063872,55774,1602666,2.92,687
2026-09-01T15:30:58+00:00,NVIDIA H200 NVL,143771,1001,15,1,34,108.05,2063872,56045,1602706,2.40,687
2026-09-01T15:31:28+00:00,NVIDIA H200 NVL,143771,1003,12,1,34,108.61,2063872,55626,1602886,1.90,687
2026-09-01T15:31:58+00:00,NVIDIA H200 NVL,143771,1009,13,1,34,108.36,2063872,55026,1602320,1.69,687
2026-09-01T15:32:28+00:00,NVIDIA H200 NVL,143771,1011,14,1,34,108.57,2063872,54615,1602760,1.69,687
2026-09-01T15:32:58+00:00,NVIDIA H200 NVL,143771,1013,13,1,34,109.31,2063872,54905,1602746,1.48,687
2026-09-01T15:33:28+00:00,NVIDIA H200 NVL,143771,1017,12,1,34,108.96,2063872,55315,1602659,1.29,687
2026-09-01T15:33:58+00:00,NVIDIA H200 NVL,143771,1019,13,1,34,109.41,2063872,55690,1602643,1.31,687
2026-09-01T15:34:28+00:00,NVIDIA H200 NVL,143771,1025,13,1,34,109.22,2063872,56104,1602613,1.46,687
2026-09-01T15:34:58+00:00,NVIDIA H200 NVL,143771,1027,14,1,34,109.01,2063872,56486,1602615,1.44,687
2026-09-01T15:35:28+00:00,NVIDIA H200 NVL,143771,1029,12,1,34,109.06,2063872,56914,1602576,1.33,687
2026-09-01T15:35:58+00:00,NVIDIA H200 NVL,143771,1033,12,1,34,108.91,2063872,57191,1602626,1.63,687
2026-09-01T15:36:29+00:00,NVIDIA H200 NVL,143771,1035,14,1,34,108.77,2063872,57155,1602687,1.45,687
2026-09-01T15:36:59+00:00,NVIDIA H200 NVL,143771,1037,15,1,34,108.79,2063872,57344,1602662,9.94,687
2026-09-01T15:37:29+00:00,NVIDIA H200 NVL,143771,1043,14,1,35,109.75,2063872,57689,1602634,6.42,687
2026-09-01T15:37:59+00:00,NVIDIA H200 NVL,143771,1045,10,1,35,109.26,2063872,57397,1602730,4.36,687
2026-09-01T15:38:29+00:00,NVIDIA H200 NVL,143771,1047,11,1,35,109.10,2063872,57460,1602743,3.16,687
2026-09-01T15:38:59+00:00,NVIDIA H200 NVL,143771,1051,12,1,35,108.21,2063872,57815,1602665,2.44,687
2026-09-01T15:39:29+00:00,NVIDIA H200 NVL,143771,1053,12,1,35,109.18,2063872,57501,1603039,1.98,687
2026-09-01T15:39:59+00:00,NVIDIA H200 NVL,143771,1059,11,1,35,108.51,2063872,57225,1603038,9.79,687
2026-09-01T15:40:29+00:00,NVIDIA H200 NVL,143771,1061,13,1,35,109.53,2063872,57389,1602896,6.56,687
2026-09-01T15:40:59+00:00,NVIDIA H200 NVL,143771,1063,13,1,35,109.04,2063872,57858,1602810,4.37,687
2026-09-01T15:41:29+00:00,NVIDIA H200 NVL,143771,1067,11,1,35,108.14,2063872,57975,1602825,10.92,687
2026-09-01T15:41:59+00:00,NVIDIA H200 NVL,143771,1069,12,1,35,108.94,2063872,58321,1602850,7.15,687
2026-09-01T15:42:29+00:00,NVIDIA H200 NVL,143771,1071,14,1,35,108.82,2063872,56246,1601867,12.33,687
2026-09-01T15:42:59+00:00,NVIDIA H200 NVL,143771,1077,12,1,35,108.69,2063872,55730,1602318,7.87,687
2026-09-01T15:43:29+00:00,NVIDIA H200 NVL,143771,1079,14,1,35,109.47,2063872,55205,1602843,5.22,687
2026-09-01T15:43:59+00:00,NVIDIA H200 NVL,143771,1083,13,1,35,108.39,2063872,54778,1603204,3.56,687
2026-09-01T15:44:29+00:00,NVIDIA H200 NVL,143771,1085,13,1,35,108.64,2063872,54535,1603448,2.55,687
2026-09-01T15:44:59+00:00,NVIDIA H200 NVL,143771,1087,11,1,35,108.72,2063872,54499,1603219,1.94,687
2026-09-01T15:45:29+00:00,NVIDIA H200 NVL,143771,1093,11,1,35,109.08,2063872,54629,1602927,1.64,687
2026-09-01T15:46:00+00:00,NVIDIA H200 NVL,143771,1097,12,1,35,108.87,2063872,54955,1602793,1.39,687
2026-09-01T15:46:30+00:00,NVIDIA H200 NVL,143771,1099,14,1,35,109.18,2063872,55376,1602759,1.23,687
2026-09-01T15:47:00+00:00,NVIDIA H200 NVL,143771,1101,0,0,34,98.20,2063872,57560,1600959,1.75,687
2026-09-01T15:47:30+00:00,NVIDIA H200 NVL,143771,1101,0,0,34,98.19,2063872,56844,1601997,1.70,687
2026-09-01T15:48:00+00:00,NVIDIA H200 NVL,143771,903,42,1,35,124.67,2063872,56679,1602484,1.76,687
2026-09-01T15:48:30+00:00,NVIDIA H200 NVL,143771,903,42,1,36,124.24,2063872,56916,1602631,1.53,687
2026-09-01T15:49:00+00:00,NVIDIA H200 NVL,143771,903,41,1,36,123.44,2063872,57151,1602617,1.32,687
2026-09-01T15:49:30+00:00,NVIDIA H200 NVL,143771,903,41,1,36,124.76,2063872,57426,1602623,1.31,687
2026-09-01T15:50:00+00:00,NVIDIA H200 NVL,143771,903,41,1,36,123.61,2063872,57553,1602678,1.30,687
2026-09-01T15:50:30+00:00,NVIDIA H200 NVL,143771,905,41,1,36,124.19,2063872,57125,1602908,1.37,687
2026-09-01T15:51:00+00:00,NVIDIA H200 NVL,143771,905,42,1,36,124.11,2063872,56438,1602032,6.03,687
2026-09-01T15:51:30+00:00,NVIDIA H200 NVL,143771,905,42,1,36,123.48,2063872,55047,1602795,4.19,687
2026-09-01T15:52:00+00:00,NVIDIA H200 NVL,143771,905,40,1,36,124.23,2063872,54967,1602809,3.33,687
2026-09-01T15:52:30+00:00,NVIDIA H200 NVL,143771,905,49,1,36,120.46,2063872,55230,1602716,2.48,687
2026-09-01T15:53:00+00:00,NVIDIA H200 NVL,143771,905,41,1,36,124.50,2063872,55609,1602715,2.03,687
2026-09-01T15:53:30+00:00,NVIDIA H200 NVL,143771,905,0,0,35,98.17,2063872,55785,1602908,1.93,687
2026-09-01T15:54:00+00:00,NVIDIA H200 NVL,143771,905,0,0,34,98.04,2063872,58626,1600451,2.53,687
2026-09-01T15:54:30+00:00,NVIDIA H200 NVL,143771,905,0,0,34,98.14,2063872,56720,1602487,2.01,687
2026-09-01T15:55:01+00:00,NVIDIA H200 NVL,143771,905,0,0,33,98.02,2063872,56749,1602611,1.67,687
2026-09-01T15:55:31+00:00,NVIDIA H200 NVL,143771,905,0,0,33,97.70,2063872,56677,1602880,1.55,687
2026-09-01T15:56:01+00:00,NVIDIA H200 NVL,143771,905,0,0,33,98.02,2063872,56391,1602503,1.78,687
2026-09-01T15:56:31+00:00,NVIDIA H200 NVL,143771,905,0,0,33,97.98,2063872,55310,1602085,1.61,687
2026-09-01T15:57:01+00:00,NVIDIA H200 NVL,143771,905,0,0,33,97.79,2063872,54820,1602673,2.09,687
2026-09-01T15:57:31+00:00,NVIDIA H200 NVL,143771,905,20,0,34,115.23,2063872,55550,1602200,2.35,687
2026-09-01T15:58:01+00:00,NVIDIA H200 NVL,143771,881,20,0,35,116.00,2063872,55415,1602503,1.82,687
2026-09-01T15:58:31+00:00,NVIDIA H200 NVL,143771,883,19,0,35,115.31,2063872,55769,1602517,1.41,687
2026-09-01T15:59:01+00:00,NVIDIA H200 NVL,143771,885,20,0,35,116.46,2063872,56143,1602506,2.00,687
2026-09-01T15:59:31+00:00,NVIDIA H200 NVL,143771,887,20,0,35,115.27,2063872,56508,1602514,1.70,687
2026-09-01T16:00:02+00:00,NVIDIA H200 NVL,143771,889,20,0,35,116.03,2063872,57047,1602297,1.49,687
2026-09-01T16:00:32+00:00,NVIDIA H200 NVL,143771,891,21,0,35,113.42,2063872,56738,1602837,1.46,687
2026-09-01T16:01:02+00:00,NVIDIA H200 NVL,143771,891,19,0,35,116.37,2063872,57046,1602626,1.33,687
2026-09-01T16:01:32+00:00,NVIDIA H200 NVL,143771,893,20,0,35,112.14,2063872,57185,1602701,1.35,687
2026-09-01T16:02:02+00:00,NVIDIA H200 NVL,143771,895,0,0,34,98.57,2063872,57218,1602887,1.28,687
2026-09-01T16:02:32+00:00,NVIDIA H200 NVL,143771,895,0,0,34,97.90,2063872,57157,1602211,1.89,687
2026-09-01T16:03:02+00:00,NVIDIA H200 NVL,143771,895,0,0,33,97.88,2063872,56043,1602175,1.76,687
2026-09-01T16:03:32+00:00,NVIDIA H200 NVL,143771,895,0,0,33,97.87,2063872,55435,1602585,1.76,687
2026-09-01T16:04:02+00:00,NVIDIA H200 NVL,143771,895,0,0,33,97.80,2063872,55151,1602583,1.46,687
2026-09-01T16:04:32+00:00,NVIDIA H200 NVL,143771,895,0,0,33,97.95,2063872,54935,1602572,1.46,687
2026-09-01T16:05:02+00:00,NVIDIA H200 NVL,143771,895,0,0,33,97.89,2063872,54979,1602693,1.55,687
2026-09-01T16:05:32+00:00,NVIDIA H200 NVL,143771,895,0,0,33,97.88,2063872,55636,1602426,4.04,687
2026-09-01T16:06:02+00:00,NVIDIA H200 NVL,143771,895,0,0,33,97.86,2063872,55761,1602688,3.58,687
2026-09-01T16:06:32+00:00,NVIDIA H200 NVL,143771,1023,14,1,34,108.47,2063872,56495,1602330,3.11,687
2026-09-01T16:07:02+00:00,NVIDIA H200 NVL,143771,1023,12,1,34,108.17,2063872,56617,1602594,2.41,687
2026-09-01T16:07:32+00:00,NVIDIA H200 NVL,143771,1023,12,1,34,107.84,2063872,56826,1602636,1.99,687
2026-09-01T16:08:02+00:00,NVIDIA H200 NVL,143771,1027,14,1,34,108.95,2063872,57139,1602614,1.72,687
2026-09-01T16:08:32+00:00,NVIDIA H200 NVL,143771,1029,15,1,34,107.81,2063872,57314,1602666,1.57,687
2026-09-01T16:09:02+00:00,NVIDIA H200 NVL,143771,1031,13,1,34,109.78,2063872,57481,1602691,2.05,687
2026-09-01T16:09:33+00:00,NVIDIA H200 NVL,143771,1035,13,1,34,108.61,2063872,57696,1602601,1.76,687
2026-09-01T16:10:03+00:00,NVIDIA H200 NVL,143771,1037,12,1,34,108.55,2063872,58121,1602345,1.52,687
2026-09-01T16:10:33+00:00,NVIDIA H200 NVL,143771,1043,12,1,34,109.53,2063872,55623,1601930,1.64,687
2026-09-01T16:11:03+00:00,NVIDIA H200 NVL,143771,1045,14,1,34,108.76,2063872,54697,1602635,1.35,687
2026-09-01T16:11:33+00:00,NVIDIA H200 NVL,143771,1047,12,1,34,108.93,2063872,54604,1602841,1.42,687
2026-09-01T16:12:03+00:00,NVIDIA H200 NVL,143771,1051,12,1,34,108.57,2063872,54811,1602957,1.40,687
2026-09-01T16:12:33+00:00,NVIDIA H200 NVL,143771,1053,12,1,34,108.88,2063872,55245,1602857,1.37,687
2026-09-01T16:13:03+00:00,NVIDIA H200 NVL,143771,1055,12,1,35,108.91,2063872,55592,1602805,1.43,687
2026-09-01T16:13:33+00:00,NVIDIA H200 NVL,143771,1061,12,1,35,108.67,2063872,56080,1602713,1.43,687
2026-09-01T16:14:03+00:00,NVIDIA H200 NVL,143771,1063,12,1,35,109.67,2063872,56434,1602767,1.38,687
2026-09-01T16:14:33+00:00,NVIDIA H200 NVL,143771,1065,13,1,35,109.06,2063872,56787,1602779,1.42,687
2026-09-01T16:15:03+00:00,NVIDIA H200 NVL,143771,1069,14,1,35,108.19,2063872,57068,1602778,1.32,687
2026-09-01T16:15:33+00:00,NVIDIA H200 NVL,143771,1071,12,1,35,108.95,2063872,57489,1602754,1.32,687
2026-09-01T16:16:03+00:00,NVIDIA H200 NVL,143771,1077,12,1,35,108.17,2063872,57748,1602747,1.35,687
2026-09-01T16:16:33+00:00,NVIDIA H200 NVL,143771,1079,13,1,35,108.46,2063872,57591,1603047,1.40,687
2026-09-01T16:17:03+00:00,NVIDIA H200 NVL,143771,1081,13,1,35,108.31,2063872,57589,1602830,1.38,687
2026-09-01T16:17:33+00:00,NVIDIA H200 NVL,143771,1085,12,1,35,108.84,2063872,57495,1602793,1.29,687
2026-09-01T16:18:03+00:00,NVIDIA H200 NVL,143771,1087,13,1,35,108.97,2063872,57806,1602728,1.17,687
2026-09-01T16:18:33+00:00,NVIDIA H200 NVL,143771,1093,12,1,35,109.22,2063872,58155,1602678,1.25,687
2026-09-01T16:19:04+00:00,NVIDIA H200 NVL,143771,1095,14,1,35,108.95,2063872,58493,1602726,1.36,687
2026-09-01T16:19:34+00:00,NVIDIA H200 NVL,143771,1097,12,1,35,108.82,2063872,58876,1602738,1.48,687
2026-09-01T16:20:04+00:00,NVIDIA H200 NVL,143771,1101,13,1,35,106.73,2063872,59523,1602291,1.43,687
2026-09-01T16:20:34+00:00,NVIDIA H200 NVL,143771,1103,14,1,35,108.09,2063872,59156,1602866,1.39,687
2026-09-01T16:21:04+00:00,NVIDIA H200 NVL,143771,1105,13,1,35,108.18,2063872,58802,1602815,1.38,687
2026-09-01T16:21:34+00:00,NVIDIA H200 NVL,143771,1111,12,1,35,109.60,2063872,59063,1602835,1.38,687
2026-09-01T16:22:04+00:00,NVIDIA H200 NVL,143771,1115,15,1,35,108.40,2063872,59238,1602796,1.31,687
2026-09-01T16:22:34+00:00,NVIDIA H200 NVL,143771,1117,12,1,35,108.52,2063872,59004,1603086,1.18,687
2026-09-01T16:23:04+00:00,NVIDIA H200 NVL,143771,1119,15,1,35,109.04,2063872,58965,1602862,1.25,687
2026-09-01T16:23:34+00:00,NVIDIA H200 NVL,143771,1119,0,0,34,98.04,2063872,59390,1602516,1.64,687
2026-09-01T16:24:04+00:00,NVIDIA H200 NVL,143771,1119,41,1,35,122.92,2063872,59623,1602499,1.97,687
2026-09-01T16:24:34+00:00,NVIDIA H200 NVL,143771,1119,40,1,35,123.30,2063872,59025,1602514,2.79,687
2026-09-01T16:25:04+00:00,NVIDIA H200 NVL,143771,1119,41,1,36,124.32,2063872,58678,1602809,14.30,687
2026-09-01T16:25:34+00:00,NVIDIA H200 NVL,143771,1119,41,1,36,123.80,2063872,57293,1604010,9.19,687
2026-09-01T16:26:04+00:00,NVIDIA H200 NVL,143771,1119,39,1,36,124.34,2063872,57222,1604081,5.96,687
2026-09-01T16:26:34+00:00,NVIDIA H200 NVL,143771,1119,42,1,36,124.39,2063872,57215,1604088,4.26,687
2026-09-01T16:27:04+00:00,NVIDIA H200 NVL,143771,1119,40,1,36,124.23,2063872,57195,1604108,2.97,687
2026-09-01T16:27:35+00:00,NVIDIA H200 NVL,143771,1119,41,1,36,124.08,2063872,56590,1602804,2.26,687
2026-09-01T16:28:05+00:00,NVIDIA H200 NVL,143771,1119,41,1,36,123.84,2063872,56402,1602992,1.83,687
2026-09-01T16:28:35+00:00,NVIDIA H200 NVL,143771,1119,40,1,36,124.16,2063872,56258,1602225,1.57,687
2026-09-01T16:29:05+00:00,NVIDIA H200 NVL,143771,1119,42,1,36,124.69,2063872,55948,1602142,1.42,687
2026-09-01T16:29:35+00:00,NVIDIA H200 NVL,143771,1119,41,1,36,123.32,2063872,55734,1601944,1.61,687
2026-09-01T16:30:05+00:00,NVIDIA H200 NVL,143771,1119,0,0,34,98.40,2063872,55710,1601557,6.48,687
2026-09-01T16:30:35+00:00,NVIDIA H200 NVL,143771,1119,0,0,34,98.06,2063872,55508,1601941,4.88,687
2026-09-01T16:31:05+00:00,NVIDIA H200 NVL,143771,1119,0,0,33,97.94,2063872,55509,1602255,3.35,687
2026-09-01T16:31:35+00:00,NVIDIA H200 NVL,143771,1119,0,0,33,97.91,2063872,55740,1602349,2.49,687
2026-09-01T16:32:05+00:00,NVIDIA H200 NVL,143771,1119,0,0,33,97.81,2063872,55807,1602477,2.09,687
2026-09-01T16:32:35+00:00,NVIDIA H200 NVL,143771,1119,0,0,33,97.90,2063872,56036,1602585,6.66,687
2026-09-01T16:33:06+00:00,NVIDIA H200 NVL,143771,1119,0,0,33,97.89,2063872,57110,1601863,4.60,687
2026-09-01T16:33:36+00:00,NVIDIA H200 NVL,143771,1119,0,0,33,97.73,2063872,56731,1602505,3.81,687
2026-09-01T16:34:06+00:00,NVIDIA H200 NVL,143771,1119,19,0,34,114.54,2063872,56948,1602444,3.17,687
2026-09-01T16:34:36+00:00,NVIDIA H200 NVL,143771,1119,17,0,35,115.34,2063872,57123,1602656,2.43,687
2026-09-01T16:35:06+00:00,NVIDIA H200 NVL,143771,1119,15,0,35,113.72,2063872,57299,1602733,1.94,687
2026-09-01T16:35:36+00:00,NVIDIA H200 NVL,143771,1119,20,0,35,115.24,2063872,56772,1602306,1.63,687
2026-09-01T16:36:06+00:00,NVIDIA H200 NVL,143771,1119,19,0,35,110.17,2063872,55701,1601922,2.25,687
2026-09-01T16:36:36+00:00,NVIDIA H200 NVL,143771,1119,17,0,35,115.27,2063872,55191,1602320,1.76,687
2026-09-01T16:37:06+00:00,NVIDIA H200 NVL,143771,1119,0,0,35,110.45,2063872,55382,1602464,1.54,687
2026-09-01T16:37:36+00:00,NVIDIA H200 NVL,143771,1119,17,0,35,115.10,2063872,55550,1602613,1.47,687
2026-09-01T16:38:06+00:00,NVIDIA H200 NVL,143771,1119,17,0,35,114.93,2063872,55828,1602628,1.48,687
2026-09-01T16:38:36+00:00,NVIDIA H200 NVL,143771,1119,0,0,34,98.12,2063872,56806,1602034,1.78,687
2026-09-01T16:39:06+00:00,NVIDIA H200 NVL,143771,1119,0,0,33,98.14,2063872,56692,1602532,2.48,687
2026-09-01T16:39:36+00:00,NVIDIA H200 NVL,143771,1119,0,0,33,97.83,2063872,57181,1602426,1.90,687
2026-09-01T16:40:06+00:00,NVIDIA H200 NVL,143771,1119,0,0,33,98.01,2063872,57485,1602415,1.67,687
2026-09-01T16:40:36+00:00,NVIDIA H200 NVL,143771,1119,0,0,33,97.64,2063872,57491,1602739,1.66,687
2026-09-01T16:41:06+00:00,NVIDIA H200 NVL,143771,1119,0,0,33,97.62,2063872,57765,1602728,1.53,687
2026-09-01T16:41:36+00:00,NVIDIA H200 NVL,143771,1119,0,0,33,97.69,2063872,57261,1602241,1.32,687
2026-09-01T16:42:07+00:00,NVIDIA H200 NVL,143771,1119,0,0,33,97.70,2063872,57027,1600706,3.06,687
2026-09-01T16:42:37+00:00,NVIDIA H200 NVL,143771,1119,0,0,33,97.76,2063872,55050,1602419,3.33,687
2026-09-01T16:43:07+00:00,NVIDIA H200 NVL,143771,1119,14,1,34,108.71,2063872,55050,1602518,2.52,687
2026-09-01T16:43:37+00:00,NVIDIA H200 NVL,143771,1119,11,1,34,108.39,2063872,55304,1602549,2.00,687
2026-09-01T16:44:07+00:00,NVIDIA H200 NVL,143771,1119,12,1,34,108.93,2063872,55586,1602591,1.60,687
2026-09-01T16:44:37+00:00,NVIDIA H200 NVL,143771,1119,11,1,34,107.79,2063872,55925,1602628,1.62,687
2026-09-01T16:45:07+00:00,NVIDIA H200 NVL,143771,1119,13,1,34,109.53,2063872,56290,1602636,1.56,687
2026-09-01T16:45:37+00:00,NVIDIA H200 NVL,143771,1119,11,1,34,106.60,2063872,56623,1602617,1.42,687
2026-09-01T16:46:07+00:00,NVIDIA H200 NVL,143771,1119,12,1,34,108.16,2063872,56946,1602595,1.33,687
2026-09-01T16:46:37+00:00,NVIDIA H200 NVL,143771,1119,14,1,34,108.73,2063872,57268,1602610,1.35,687
2026-09-01T16:47:07+00:00,NVIDIA H200 NVL,143771,1119,12,1,34,108.65,2063872,57690,1602598,1.34,687
2026-09-01T16:47:37+00:00,NVIDIA H200 NVL,143771,1119,13,1,34,108.56,2063872,57710,1602603,1.40,687
2026-09-01T16:48:07+00:00,NVIDIA H200 NVL,143771,1119,13,1,35,108.84,2063872,56791,1601841,1.36,687
2026-09-01T16:48:37+00:00,NVIDIA H200 NVL,143771,1119,13,1,34,108.95,2063872,55429,1602003,1.22,687
2026-09-01T16:49:07+00:00,NVIDIA H200 NVL,143771,1119,14,1,34,109.07,2063872,54871,1602426,1.38,687
2026-09-01T16:49:37+00:00,NVIDIA H200 NVL,143771,1119,14,1,34,108.36,2063872,55050,1602585,1.36,687
2026-09-01T16:50:07+00:00,NVIDIA H200 NVL,143771,1119,12,1,34,106.45,2063872,55683,1602195,1.30,687
2026-09-01T16:50:37+00:00,NVIDIA H200 NVL,143771,1119,11,1,35,108.87,2063872,55592,1602654,1.37,687
2026-09-01T16:51:07+00:00,NVIDIA H200 NVL,143771,1119,12,1,35,108.70,2063872,55922,1602697,1.29,687
2026-09-01T16:51:38+00:00,NVIDIA H200 NVL,143771,1119,13,1,35,109.55,2063872,56315,1602666,1.62,687
2026-09-01T16:52:08+00:00,NVIDIA H200 NVL,143771,1119,11,1,35,109.01,2063872,56524,1602688,1.58,687
2026-09-01T16:52:38+00:00,NVIDIA H200 NVL,143771,1119,13,1,35,108.61,2063872,56880,1602688,1.41,687
2026-09-01T16:53:08+00:00,NVIDIA H200 NVL,143771,1119,12,1,35,108.99,2063872,57105,1602678,1.35,687
2026-09-01T16:53:38+00:00,NVIDIA H200 NVL,143771,1119,14,1,35,108.18,2063872,57256,1602863,1.33,687
2026-09-01T16:54:08+00:00,NVIDIA H200 NVL,143771,1119,13,1,35,108.21,2063872,57581,1602597,1.20,687
2026-09-01T16:54:38+00:00,NVIDIA H200 NVL,143771,1119,13,1,35,109.04,2063872,56876,1602078,1.19,687
2026-09-01T16:55:08+00:00,NVIDIA H200 NVL,143771,1119,12,1,35,108.47,2063872,55680,1602563,2.24,687
2026-09-01T16:55:38+00:00,NVIDIA H200 NVL,143771,1119,13,1,35,108.39,2063872,55282,1602961,1.82,687
2026-09-01T16:56:08+00:00,NVIDIA H200 NVL,143771,1119,11,1,35,108.47,2063872,55197,1603046,1.49,687
2026-09-01T16:56:38+00:00,NVIDIA H200 NVL,143771,1119,13,1,35,108.71,2063872,54502,1603229,1.69,687
2026-09-01T16:57:08+00:00,NVIDIA H200 NVL,143771,1119,12,1,35,108.99,2063872,54498,1603233,1.62,687
2026-09-01T16:57:38+00:00,NVIDIA H200 NVL,143771,1119,13,1,35,108.80,2063872,54567,1603033,1.44,687
2026-09-01T16:58:08+00:00,NVIDIA H200 NVL,143771,1119,13,1,35,109.08,2063872,54475,1602862,1.26,687
2026-09-01T16:58:38+00:00,NVIDIA H200 NVL,143771,1119,11,1,35,109.21,2063872,54482,1602855,1.23,687
2026-09-01T16:59:08+00:00,NVIDIA H200 NVL,143771,1119,12,1,35,108.32,2063872,54519,1602774,1.42,687
2026-09-01T16:59:38+00:00,NVIDIA H200 NVL,143771,1119,12,1,35,108.53,2063872,54692,1602780,1.25,687
2026-09-01T17:00:08+00:00,NVIDIA H200 NVL,143771,1119,0,0,34,98.42,2063872,57132,1600717,1.79,687
2026-09-01T17:00:38+00:00,NVIDIA H200 NVL,143771,1119,41,1,35,115.40,2063872,55946,1602300,1.96,687
2026-09-01T17:01:08+00:00,NVIDIA H200 NVL,143771,1119,41,1,36,123.84,2063872,56066,1602551,1.52,687
2026-09-01T17:01:39+00:00,NVIDIA H200 NVL,143771,1119,41,1,36,116.85,2063872,56313,1602553,1.45,687
2026-09-01T17:02:09+00:00,NVIDIA H200 NVL,143771,1119,41,1,36,124.19,2063872,56545,1602599,1.27,687
2026-09-01T17:02:39+00:00,NVIDIA H200 NVL,143771,1119,41,1,36,118.80,2063872,56971,1602571,1.32,687
2026-09-01T17:03:09+00:00,NVIDIA H200 NVL,143771,1119,41,1,36,124.08,2063872,57250,1602626,1.41,687
2026-09-01T17:03:39+00:00,NVIDIA H200 NVL,143771,1119,41,1,36,124.64,2063872,57515,1602599,1.31,687
2026-09-01T17:04:09+00:00,NVIDIA H200 NVL,143771,1119,40,1,36,123.83,2063872,57363,1602652,1.45,687
2026-09-01T17:04:39+00:00,NVIDIA H200 NVL,143771,1119,50,1,36,130.68,2063872,55493,1602239,1.27,687
2026-09-01T17:05:09+00:00,NVIDIA H200 NVL,143771,1119,41,1,36,125.12,2063872,54852,1602879,1.30,687
2026-09-01T17:05:39+00:00,NVIDIA H200 NVL,143771,1119,41,1,36,124.13,2063872,54837,1602895,1.23,687
2026-09-01T17:06:09+00:00,NVIDIA H200 NVL,143771,1119,6,0,35,113.85,2063872,54865,1602609,1.27,687
2026-09-01T17:06:39+00:00,NVIDIA H200 NVL,143771,1119,0,0,34,98.23,2063872,57081,1600291,1.84,687
2026-09-01T17:07:09+00:00,NVIDIA H200 NVL,143771,1119,0,0,34,98.18,2063872,55086,1602510,1.94,687
2026-09-01T17:07:39+00:00,NVIDIA H200 NVL,143771,1119,0,0,33,97.93,2063872,55344,1602608,1.62,687
2026-09-01T17:08:09+00:00,NVIDIA H200 NVL,143771,1119,0,0,33,97.98,2063872,55521,1602663,1.67,687
2026-09-01T17:08:39+00:00,NVIDIA H200 NVL,143771,1119,0,0,33,97.81,2063872,55894,1602645,1.47,687
2026-09-01T17:09:09+00:00,NVIDIA H200 NVL,143771,1119,0,0,33,97.94,2063872,56135,1602650,1.35,687
2026-09-01T17:09:39+00:00,NVIDIA H200 NVL,143771,1119,0,0,33,97.88,2063872,56226,1602938,1.51,687
2026-09-01T17:10:09+00:00,NVIDIA H200 NVL,143771,1119,0,0,33,97.83,2063872,59192,1600209,2.28,687
2026-09-01T17:10:39+00:00,NVIDIA H200 NVL,143771,1119,19,0,34,115.06,2063872,57151,1602607,1.77,687
2026-09-01T17:11:10+00:00,NVIDIA H200 NVL,143771,1119,19,0,35,115.49,2063872,57499,1602632,8.68,687
2026-09-01T17:11:40+00:00,NVIDIA H200 NVL,143771,1119,19,0,35,110.33,2063872,57586,1602700,5.65,687
2026-09-01T17:12:10+00:00,NVIDIA H200 NVL,143771,1119,20,0,35,116.11,2063872,57801,1602680,3.82,687
2026-09-01T17:12:40+00:00,NVIDIA H200 NVL,143771,1119,20,0,35,115.50,2063872,55558,1602031,2.71,687
2026-09-01T17:13:10+00:00,NVIDIA H200 NVL,143771,1119,18,0,35,115.92,2063872,55093,1602244,2.27,687
2026-09-01T17:13:40+00:00,NVIDIA H200 NVL,143771,1119,19,0,35,115.85,2063872,54779,1602627,1.77,687
2026-09-01T17:14:10+00:00,NVIDIA H200 NVL,143771,1119,21,0,35,115.26,2063872,55106,1602618,11.69,687
2026-09-01T17:14:40+00:00,NVIDIA H200 NVL,143771,1119,19,0,35,115.66,2063872,55494,1602599,7.61,687
2026-09-01T17:15:10+00:00,NVIDIA H200 NVL,143771,1119,0,0,34,98.40,2063872,56381,1602027,5.70,687
2026-09-01T17:15:40+00:00,NVIDIA H200 NVL,143771,1119,0,0,33,98.01,2063872,56516,1602279,4.15,687
2026-09-01T17:16:10+00:00,NVIDIA H200 NVL,143771,1119,0,0,33,97.95,2063872,56611,1602513,2.97,687
2026-09-01T17:16:40+00:00,NVIDIA H200 NVL,143771,1119,0,0,33,97.81,2063872,57006,1602505,11.67,687
2026-09-01T17:17:10+00:00,NVIDIA H200 NVL,143771,1119,0,0,33,97.80,2063872,56975,1602567,7.71,687
2026-09-01T17:17:40+00:00,NVIDIA H200 NVL,143771,1119,0,0,33,97.81,2063872,57076,1602532,5.17,687
2026-09-01T17:18:10+00:00,NVIDIA H200 NVL,143771,1119,0,0,33,97.80,2063872,56898,1602746,10.53,687
